destination,year,attacks
ABW,2013.42,0
ABW,2013.5,0
ABW,2013.58,0
ABW,2013.67,0
ABW,2013.75,0
ABW,2013.83,0
ABW,2013.92,12
ABW,2014,0
ABW,2014.08,0
ABW,2014.17,0
ABW,2014.25,0
ABW,2014.33,0
ABW,2014.42,0
ABW,2014.5,0
ABW,2014.58,0
ABW,2014.67,0
ABW,2014.75,0
ABW,2014.83,0
ABW,2014.92,0
ABW,2015,0
ABW,2015.08,0
ABW,2015.17,0
ABW,2015.25,14
ABW,2015.33,0
ABW,2015.42,0
ABW,2015.5,0
ABW,2015.58,0
ABW,2015.67,1
ABW,2015.75,1
ABW,2015.83,0
ABW,2015.92,0
ABW,2016,0
AGO,2013.42,0
AGO,2013.5,0
AGO,2013.58,0
AGO,2013.67,0
AGO,2013.75,0
AGO,2013.83,0
AGO,2013.92,0
AGO,2014,0
AGO,2014.08,0
AGO,2014.17,0
AGO,2014.25,0
AGO,2014.33,0
AGO,2014.42,0
AGO,2014.5,0
AGO,2014.58,0
AGO,2014.67,0
AGO,2014.75,0
AGO,2014.83,0
AGO,2014.92,0
AGO,2015,0
AGO,2015.08,0
AGO,2015.17,0
AGO,2015.25,20
AGO,2015.33,0
AGO,2015.42,29
AGO,2015.5,0
AGO,2015.58,0
AGO,2015.67,110
AGO,2015.75,0
AGO,2015.83,0
AGO,2015.92,0
AGO,2016,0
ALB,2013.42,0
ALB,2013.5,4
ALB,2013.58,0
ALB,2013.67,0
ALB,2013.75,0
ALB,2013.83,12
ALB,2013.92,272
ALB,2014,66
ALB,2014.08,30
ALB,2014.17,6
ALB,2014.25,464
ALB,2014.33,128
ALB,2014.42,48
ALB,2014.5,114
ALB,2014.58,262
ALB,2014.67,182
ALB,2014.75,94
ALB,2014.83,82
ALB,2014.92,128
ALB,2015,95
ALB,2015.08,17
ALB,2015.17,0
ALB,2015.25,0
ALB,2015.33,0
ALB,2015.42,0
ALB,2015.5,0
ALB,2015.58,0
ALB,2015.67,223
ALB,2015.75,0
ALB,2015.83,0
ALB,2015.92,0
ALB,2016,0
AND,2013.42,0
AND,2013.5,0
AND,2013.58,0
AND,2013.67,0
AND,2013.75,0
AND,2013.83,0
AND,2013.92,0
AND,2014,34
AND,2014.08,16
AND,2014.17,16
AND,2014.25,0
AND,2014.33,0
AND,2014.42,0
AND,2014.5,0
AND,2014.58,0
AND,2014.67,0
AND,2014.75,2
AND,2014.83,4
AND,2014.92,6
AND,2015,6
AND,2015.08,9
AND,2015.17,6
AND,2015.25,0
AND,2015.33,0
AND,2015.42,2
AND,2015.5,0
AND,2015.58,0
AND,2015.67,11
AND,2015.75,0
AND,2015.83,0
AND,2015.92,0
AND,2016,0
ARE,2013.42,70
ARE,2013.5,238
ARE,2013.58,26
ARE,2013.67,140
ARE,2013.75,104
ARE,2013.83,8
ARE,2013.92,12
ARE,2014,20
ARE,2014.08,58
ARE,2014.17,6
ARE,2014.25,20
ARE,2014.33,0
ARE,2014.42,54
ARE,2014.5,226
ARE,2014.58,246
ARE,2014.67,68
ARE,2014.75,34
ARE,2014.83,94
ARE,2014.92,36
ARE,2015,32
ARE,2015.08,5
ARE,2015.17,107
ARE,2015.25,391
ARE,2015.33,3
ARE,2015.42,9
ARE,2015.5,59
ARE,2015.58,20
ARE,2015.67,21
ARE,2015.75,0
ARE,2015.83,0
ARE,2015.92,637
ARE,2016,464
ARG,2013.42,0
ARG,2013.5,0
ARG,2013.58,0
ARG,2013.67,0
ARG,2013.75,0
ARG,2013.83,2
ARG,2013.92,0
ARG,2014,132
ARG,2014.08,20
ARG,2014.17,0
ARG,2014.25,0
ARG,2014.33,8
ARG,2014.42,12
ARG,2014.5,6
ARG,2014.58,22
ARG,2014.67,20
ARG,2014.75,122
ARG,2014.83,238
ARG,2014.92,208
ARG,2015,36
ARG,2015.08,49
ARG,2015.17,35
ARG,2015.25,26
ARG,2015.33,12
ARG,2015.42,379
ARG,2015.5,206
ARG,2015.58,405
ARG,2015.67,65
ARG,2015.75,282
ARG,2015.83,1486
ARG,2015.92,1891
ARG,2016,1438
ARM,2013.42,0
ARM,2013.5,0
ARM,2013.58,0
ARM,2013.67,0
ARM,2013.75,0
ARM,2013.83,82
ARM,2013.92,8
ARM,2014,0
ARM,2014.08,0
ARM,2014.17,30
ARM,2014.25,160
ARM,2014.33,0
ARM,2014.42,0
ARM,2014.5,0
ARM,2014.58,74
ARM,2014.67,0
ARM,2014.75,58
ARM,2014.83,10
ARM,2014.92,0
ARM,2015,0
ARM,2015.08,0
ARM,2015.17,6
ARM,2015.25,5
ARM,2015.33,4
ARM,2015.42,0
ARM,2015.5,0
ARM,2015.58,0
ARM,2015.67,0
ARM,2015.75,0
ARM,2015.83,0
ARM,2015.92,0
ARM,2016,0
ATG,2013.42,0
ATG,2013.5,0
ATG,2013.58,0
ATG,2013.67,0
ATG,2013.75,78
ATG,2013.83,0
ATG,2013.92,0
ATG,2014,12
ATG,2014.08,0
ATG,2014.17,0
ATG,2014.25,0
ATG,2014.33,0
ATG,2014.42,0
ATG,2014.5,0
ATG,2014.58,0
ATG,2014.67,0
ATG,2014.75,0
ATG,2014.83,0
ATG,2014.92,0
ATG,2015,0
ATG,2015.08,0
ATG,2015.17,0
ATG,2015.25,0
ATG,2015.33,0
ATG,2015.42,7
ATG,2015.5,30
ATG,2015.58,0
ATG,2015.67,0
ATG,2015.75,0
ATG,2015.83,0
ATG,2015.92,0
ATG,2016,0
AUS,2013.42,26
AUS,2013.5,14
AUS,2013.58,0
AUS,2013.67,4
AUS,2013.75,22
AUS,2013.83,20
AUS,2013.92,26
AUS,2014,60
AUS,2014.08,244
AUS,2014.17,144
AUS,2014.25,230
AUS,2014.33,30
AUS,2014.42,24
AUS,2014.5,104
AUS,2014.58,190
AUS,2014.67,808
AUS,2014.75,402
AUS,2014.83,144
AUS,2014.92,94
AUS,2015,92
AUS,2015.08,80
AUS,2015.17,90
AUS,2015.25,163
AUS,2015.33,113
AUS,2015.42,339
AUS,2015.5,107
AUS,2015.58,70
AUS,2015.67,266
AUS,2015.75,731
AUS,2015.83,80
AUS,2015.92,135
AUS,2016,414
AUT,2013.42,262
AUT,2013.5,26
AUT,2013.58,190
AUT,2013.67,12
AUT,2013.75,106
AUT,2013.83,112
AUT,2013.92,88
AUT,2014,16
AUT,2014.08,276
AUT,2014.17,104
AUT,2014.25,4
AUT,2014.33,18
AUT,2014.42,24
AUT,2014.5,18
AUT,2014.58,248
AUT,2014.67,204
AUT,2014.75,312
AUT,2014.83,286
AUT,2014.92,20
AUT,2015,181
AUT,2015.08,106
AUT,2015.17,199
AUT,2015.25,89
AUT,2015.33,192
AUT,2015.42,577
AUT,2015.5,233
AUT,2015.58,253
AUT,2015.67,989
AUT,2015.75,197
AUT,2015.83,282
AUT,2015.92,291
AUT,2016,242
AZE,2013.42,0
AZE,2013.5,0
AZE,2013.58,0
AZE,2013.67,0
AZE,2013.75,0
AZE,2013.83,2
AZE,2013.92,0
AZE,2014,0
AZE,2014.08,0
AZE,2014.17,0
AZE,2014.25,0
AZE,2014.33,0
AZE,2014.42,0
AZE,2014.5,200
AZE,2014.58,164
AZE,2014.67,0
AZE,2014.75,0
AZE,2014.83,0
AZE,2014.92,0
AZE,2015,0
AZE,2015.08,0
AZE,2015.17,0
AZE,2015.25,20
AZE,2015.33,27
AZE,2015.42,101
AZE,2015.5,101
AZE,2015.58,0
AZE,2015.67,306
AZE,2015.75,0
AZE,2015.83,423
AZE,2015.92,0
AZE,2016,203
BEL,2013.42,142
BEL,2013.5,112
BEL,2013.58,22
BEL,2013.67,10
BEL,2013.75,92
BEL,2013.83,96
BEL,2013.92,14
BEL,2014,68
BEL,2014.08,266
BEL,2014.17,102
BEL,2014.25,148
BEL,2014.33,10
BEL,2014.42,18
BEL,2014.5,114
BEL,2014.58,32
BEL,2014.67,226
BEL,2014.75,150
BEL,2014.83,470
BEL,2014.92,108
BEL,2015,299
BEL,2015.08,89
BEL,2015.17,103
BEL,2015.25,25
BEL,2015.33,30
BEL,2015.42,66
BEL,2015.5,228
BEL,2015.58,106
BEL,2015.67,485
BEL,2015.75,99
BEL,2015.83,1
BEL,2015.92,0
BEL,2016,0
BEN,2013.42,0
BEN,2013.5,2
BEN,2013.58,0
BEN,2013.67,0
BEN,2013.75,0
BEN,2013.83,12
BEN,2013.92,0
BEN,2014,0
BEN,2014.08,0
BEN,2014.17,0
BEN,2014.25,0
BEN,2014.33,0
BEN,2014.42,4
BEN,2014.5,0
BEN,2014.58,0
BEN,2014.67,0
BEN,2014.75,0
BEN,2014.83,0
BEN,2014.92,0
BEN,2015,0
BEN,2015.08,0
BEN,2015.17,0
BEN,2015.25,0
BEN,2015.33,0
BEN,2015.42,0
BEN,2015.5,0
BEN,2015.58,0
BEN,2015.67,0
BEN,2015.75,0
BEN,2015.83,101
BEN,2015.92,0
BEN,2016,6
BES,2013.42,0
BES,2013.5,0
BES,2013.58,0
BES,2013.67,0
BES,2013.75,0
BES,2013.83,0
BES,2013.92,0
BES,2014,0
BES,2014.08,0
BES,2014.17,0
BES,2014.25,20
BES,2014.33,0
BES,2014.42,0
BES,2014.5,0
BES,2014.58,0
BES,2014.67,0
BES,2014.75,0
BES,2014.83,0
BES,2014.92,0
BES,2015,0
BES,2015.08,0
BES,2015.17,0
BES,2015.25,0
BES,2015.33,0
BES,2015.42,0
BES,2015.5,0
BES,2015.58,0
BES,2015.67,0
BES,2015.75,0
BES,2015.83,0
BES,2015.92,0
BES,2016,0
BFA,2013.42,0
BFA,2013.5,0
BFA,2013.58,0
BFA,2013.67,0
BFA,2013.75,0
BFA,2013.83,0
BFA,2013.92,0
BFA,2014,0
BFA,2014.08,0
BFA,2014.17,0
BFA,2014.25,0
BFA,2014.33,0
BFA,2014.42,0
BFA,2014.5,0
BFA,2014.58,0
BFA,2014.67,0
BFA,2014.75,0
BFA,2014.83,0
BFA,2014.92,0
BFA,2015,0
BFA,2015.08,0
BFA,2015.17,0
BFA,2015.25,20
BFA,2015.33,0
BFA,2015.42,38
BFA,2015.5,0
BFA,2015.58,0
BFA,2015.67,0
BFA,2015.75,0
BFA,2015.83,0
BFA,2015.92,0
BFA,2016,0
BGD,2013.42,0
BGD,2013.5,0
BGD,2013.58,0
BGD,2013.67,0
BGD,2013.75,0
BGD,2013.83,0
BGD,2013.92,0
BGD,2014,0
BGD,2014.08,0
BGD,2014.17,0
BGD,2014.25,0
BGD,2014.33,28
BGD,2014.42,4
BGD,2014.5,0
BGD,2014.58,30
BGD,2014.67,12
BGD,2014.75,14
BGD,2014.83,66
BGD,2014.92,156
BGD,2015,161
BGD,2015.08,171
BGD,2015.17,0
BGD,2015.25,161
BGD,2015.33,303
BGD,2015.42,15
BGD,2015.5,150
BGD,2015.58,17
BGD,2015.67,70
BGD,2015.75,203
BGD,2015.83,19
BGD,2015.92,46
BGD,2016,23
BGR,2013.42,0
BGR,2013.5,0
BGR,2013.58,0
BGR,2013.67,10
BGR,2013.75,32
BGR,2013.83,190
BGR,2013.92,0
BGR,2014,0
BGR,2014.08,2
BGR,2014.17,128
BGR,2014.25,44
BGR,2014.33,0
BGR,2014.42,2
BGR,2014.5,2
BGR,2014.58,366
BGR,2014.67,188
BGR,2014.75,0
BGR,2014.83,8
BGR,2014.92,98
BGR,2015,261
BGR,2015.08,149
BGR,2015.17,200
BGR,2015.25,236
BGR,2015.33,71
BGR,2015.42,185
BGR,2015.5,340
BGR,2015.58,0
BGR,2015.67,3
BGR,2015.75,207
BGR,2015.83,0
BGR,2015.92,0
BGR,2016,40
BHR,2013.42,0
BHR,2013.5,0
BHR,2013.58,0
BHR,2013.67,0
BHR,2013.75,0
BHR,2013.83,0
BHR,2013.92,0
BHR,2014,0
BHR,2014.08,0
BHR,2014.17,0
BHR,2014.25,10
BHR,2014.33,0
BHR,2014.42,0
BHR,2014.5,24
BHR,2014.58,0
BHR,2014.67,66
BHR,2014.75,0
BHR,2014.83,94
BHR,2014.92,50
BHR,2015,16
BHR,2015.08,0
BHR,2015.17,7
BHR,2015.25,14
BHR,2015.33,0
BHR,2015.42,45
BHR,2015.5,7
BHR,2015.58,20
BHR,2015.67,109
BHR,2015.75,23
BHR,2015.83,86
BHR,2015.92,78
BHR,2016,102
BHS,2013.42,0
BHS,2013.5,0
BHS,2013.58,12
BHS,2013.67,0
BHS,2013.75,0
BHS,2013.83,6
BHS,2013.92,0
BHS,2014,0
BHS,2014.08,0
BHS,2014.17,0
BHS,2014.25,0
BHS,2014.33,0
BHS,2014.42,40
BHS,2014.5,0
BHS,2014.58,16
BHS,2014.67,18
BHS,2014.75,20
BHS,2014.83,0
BHS,2014.92,16
BHS,2015,0
BHS,2015.08,0
BHS,2015.17,0
BHS,2015.25,0
BHS,2015.33,0
BHS,2015.42,0
BHS,2015.5,0
BHS,2015.58,0
BHS,2015.67,0
BHS,2015.75,104
BHS,2015.83,0
BHS,2015.92,0
BHS,2016,0
BIH,2013.42,0
BIH,2013.5,0
BIH,2013.58,78
BIH,2013.67,280
BIH,2013.75,64
BIH,2013.83,200
BIH,2013.92,58
BIH,2014,178
BIH,2014.08,20
BIH,2014.17,62
BIH,2014.25,76
BIH,2014.33,58
BIH,2014.42,6
BIH,2014.5,120
BIH,2014.58,240
BIH,2014.67,102
BIH,2014.75,544
BIH,2014.83,310
BIH,2014.92,304
BIH,2015,70
BIH,2015.08,80
BIH,2015.17,120
BIH,2015.25,206
BIH,2015.33,2
BIH,2015.42,0
BIH,2015.5,873
BIH,2015.58,376
BIH,2015.67,302
BIH,2015.75,190
BIH,2015.83,553
BIH,2015.92,800
BIH,2016,1035
BLR,2013.42,0
BLR,2013.5,0
BLR,2013.58,0
BLR,2013.67,0
BLR,2013.75,0
BLR,2013.83,2
BLR,2013.92,0
BLR,2014,0
BLR,2014.08,0
BLR,2014.17,66
BLR,2014.25,156
BLR,2014.33,84
BLR,2014.42,0
BLR,2014.5,0
BLR,2014.58,8
BLR,2014.67,0
BLR,2014.75,266
BLR,2014.83,528
BLR,2014.92,40
BLR,2015,2318
BLR,2015.08,8
BLR,2015.17,49
BLR,2015.25,0
BLR,2015.33,7
BLR,2015.42,0
BLR,2015.5,1
BLR,2015.58,0
BLR,2015.67,0
BLR,2015.75,35
BLR,2015.83,0
BLR,2015.92,0
BLR,2016,9
BLZ,2013.42,10
BLZ,2013.5,0
BLZ,2013.58,72
BLZ,2013.67,206
BLZ,2013.75,468
BLZ,2013.83,150
BLZ,2013.92,92
BLZ,2014,286
BLZ,2014.08,400
BLZ,2014.17,40
BLZ,2014.25,0
BLZ,2014.33,238
BLZ,2014.42,146
BLZ,2014.5,0
BLZ,2014.58,4
BLZ,2014.67,118
BLZ,2014.75,0
BLZ,2014.83,12
BLZ,2014.92,124
BLZ,2015,207
BLZ,2015.08,68
BLZ,2015.17,54
BLZ,2015.25,60
BLZ,2015.33,29
BLZ,2015.42,51
BLZ,2015.5,15
BLZ,2015.58,0
BLZ,2015.67,0
BLZ,2015.75,10
BLZ,2015.83,0
BLZ,2015.92,0
BLZ,2016,37
BMU,2013.42,0
BMU,2013.5,0
BMU,2013.58,0
BMU,2013.67,0
BMU,2013.75,0
BMU,2013.83,0
BMU,2013.92,0
BMU,2014,0
BMU,2014.08,0
BMU,2014.17,0
BMU,2014.25,0
BMU,2014.33,0
BMU,2014.42,0
BMU,2014.5,0
BMU,2014.58,0
BMU,2014.67,0
BMU,2014.75,0
BMU,2014.83,0
BMU,2014.92,4
BMU,2015,1
BMU,2015.08,0
BMU,2015.17,0
BMU,2015.25,0
BMU,2015.33,16
BMU,2015.42,0
BMU,2015.5,0
BMU,2015.58,0
BMU,2015.67,0
BMU,2015.75,0
BMU,2015.83,0
BMU,2015.92,0
BMU,2016,0
BOL,2013.42,0
BOL,2013.5,0
BOL,2013.58,0
BOL,2013.67,0
BOL,2013.75,0
BOL,2013.83,16
BOL,2013.92,2
BOL,2014,12
BOL,2014.08,0
BOL,2014.17,0
BOL,2014.25,0
BOL,2014.33,0
BOL,2014.42,0
BOL,2014.5,0
BOL,2014.58,0
BOL,2014.67,0
BOL,2014.75,0
BOL,2014.83,0
BOL,2014.92,4
BOL,2015,0
BOL,2015.08,0
BOL,2015.17,0
BOL,2015.25,0
BOL,2015.33,0
BOL,2015.42,0
BOL,2015.5,0
BOL,2015.58,22
BOL,2015.67,0
BOL,2015.75,3
BOL,2015.83,0
BOL,2015.92,0
BOL,2016,0
BRA,2013.42,214
BRA,2013.5,188
BRA,2013.58,598
BRA,2013.67,606
BRA,2013.75,504
BRA,2013.83,206
BRA,2013.92,176
BRA,2014,334
BRA,2014.08,782
BRA,2014.17,344
BRA,2014.25,412
BRA,2014.33,370
BRA,2014.42,252
BRA,2014.5,316
BRA,2014.58,62
BRA,2014.67,142
BRA,2014.75,173
BRA,2014.83,178
BRA,2014.92,212
BRA,2015,106
BRA,2015.08,56
BRA,2015.17,304
BRA,2015.25,293
BRA,2015.33,198
BRA,2015.42,767
BRA,2015.5,271
BRA,2015.58,402
BRA,2015.67,1260
BRA,2015.75,1427
BRA,2015.83,362
BRA,2015.92,802
BRA,2016,560
BRB,2013.42,0
BRB,2013.5,0
BRB,2013.58,0
BRB,2013.67,0
BRB,2013.75,0
BRB,2013.83,0
BRB,2013.92,0
BRB,2014,0
BRB,2014.08,0
BRB,2014.17,0
BRB,2014.25,0
BRB,2014.33,0
BRB,2014.42,0
BRB,2014.5,0
BRB,2014.58,0
BRB,2014.67,8
BRB,2014.75,6
BRB,2014.83,4
BRB,2014.92,4
BRB,2015,1
BRB,2015.08,0
BRB,2015.17,4
BRB,2015.25,0
BRB,2015.33,0
BRB,2015.42,0
BRB,2015.5,0
BRB,2015.58,1
BRB,2015.67,0
BRB,2015.75,0
BRB,2015.83,0
BRB,2015.92,0
BRB,2016,0
BRN,2013.42,0
BRN,2013.5,4
BRN,2013.58,34
BRN,2013.67,66
BRN,2013.75,134
BRN,2013.83,4
BRN,2013.92,0
BRN,2014,0
BRN,2014.08,0
BRN,2014.17,8
BRN,2014.25,0
BRN,2014.33,0
BRN,2014.42,2
BRN,2014.5,0
BRN,2014.58,0
BRN,2014.67,0
BRN,2014.75,0
BRN,2014.83,0
BRN,2014.92,0
BRN,2015,0
BRN,2015.08,0
BRN,2015.17,0
BRN,2015.25,0
BRN,2015.33,0
BRN,2015.42,4
BRN,2015.5,0
BRN,2015.58,0
BRN,2015.67,0
BRN,2015.75,0
BRN,2015.83,0
BRN,2015.92,0
BRN,2016,0
BWA,2013.42,0
BWA,2013.5,0
BWA,2013.58,0
BWA,2013.67,0
BWA,2013.75,0
BWA,2013.83,0
BWA,2013.92,0
BWA,2014,0
BWA,2014.08,0
BWA,2014.17,0
BWA,2014.25,0
BWA,2014.33,0
BWA,2014.42,0
BWA,2014.5,0
BWA,2014.58,0
BWA,2014.67,0
BWA,2014.75,0
BWA,2014.83,0
BWA,2014.92,0
BWA,2015,0
BWA,2015.08,0
BWA,2015.17,51
BWA,2015.25,69
BWA,2015.33,115
BWA,2015.42,20
BWA,2015.5,0
BWA,2015.58,0
BWA,2015.67,0
BWA,2015.75,76
BWA,2015.83,0
BWA,2015.92,0
BWA,2016,0
CAN,2013.42,36
CAN,2013.5,74
CAN,2013.58,62
CAN,2013.67,48
CAN,2013.75,96
CAN,2013.83,138
CAN,2013.92,82
CAN,2014,186
CAN,2014.08,548
CAN,2014.17,1106
CAN,2014.25,292
CAN,2014.33,114
CAN,2014.42,80
CAN,2014.5,326
CAN,2014.58,408
CAN,2014.67,560
CAN,2014.75,330
CAN,2014.83,1538
CAN,2014.92,1500
CAN,2015,524
CAN,2015.08,493
CAN,2015.17,450
CAN,2015.25,804
CAN,2015.33,877
CAN,2015.42,1279
CAN,2015.5,670
CAN,2015.58,396
CAN,2015.67,629
CAN,2015.75,720
CAN,2015.83,220
CAN,2015.92,386
CAN,2016,747
CHE,2013.42,0
CHE,2013.5,0
CHE,2013.58,0
CHE,2013.67,4
CHE,2013.75,4
CHE,2013.83,4
CHE,2013.92,2
CHE,2014,8
CHE,2014.08,82
CHE,2014.17,26
CHE,2014.25,10
CHE,2014.33,22
CHE,2014.42,88
CHE,2014.5,36
CHE,2014.58,134
CHE,2014.67,56
CHE,2014.75,68
CHE,2014.83,26
CHE,2014.92,34
CHE,2015,119
CHE,2015.08,106
CHE,2015.17,151
CHE,2015.25,414
CHE,2015.33,235
CHE,2015.42,74
CHE,2015.5,256
CHE,2015.58,155
CHE,2015.67,609
CHE,2015.75,446
CHE,2015.83,44
CHE,2015.92,21
CHE,2016,37
CHL,2013.42,2
CHL,2013.5,34
CHL,2013.58,4
CHL,2013.67,4
CHL,2013.75,6
CHL,2013.83,4
CHL,2013.92,4
CHL,2014,0
CHL,2014.08,0
CHL,2014.17,4
CHL,2014.25,4
CHL,2014.33,128
CHL,2014.42,62
CHL,2014.5,12
CHL,2014.58,10
CHL,2014.67,8
CHL,2014.75,100
CHL,2014.83,66
CHL,2014.92,38
CHL,2015,50
CHL,2015.08,42
CHL,2015.17,47
CHL,2015.25,19
CHL,2015.33,2
CHL,2015.42,35
CHL,2015.5,72
CHL,2015.58,374
CHL,2015.67,203
CHL,2015.75,289
CHL,2015.83,97
CHL,2015.92,98
CHL,2016,53
CHN,2013.42,1374
CHN,2013.5,2878
CHN,2013.58,2314
CHN,2013.67,1238
CHN,2013.75,979
CHN,2013.83,1280
CHN,2013.92,1634
CHN,2014,1744
CHN,2014.08,2197
CHN,2014.17,2260
CHN,2014.25,740
CHN,2014.33,154
CHN,2014.42,660
CHN,2014.5,1600
CHN,2014.58,1358
CHN,2014.67,1016
CHN,2014.75,827
CHN,2014.83,958
CHN,2014.92,1164
CHN,2015,1368
CHN,2015.08,514
CHN,2015.17,656
CHN,2015.25,1262
CHN,2015.33,1070
CHN,2015.42,1282
CHN,2015.5,712
CHN,2015.58,38
CHN,2015.67,365
CHN,2015.75,698
CHN,2015.83,228
CHN,2015.92,260
CHN,2016,1182
CIV,2013.42,32
CIV,2013.5,44
CIV,2013.58,6
CIV,2013.67,10
CIV,2013.75,34
CIV,2013.83,56
CIV,2013.92,12
CIV,2014,46
CIV,2014.08,4
CIV,2014.17,16
CIV,2014.25,16
CIV,2014.33,0
CIV,2014.42,8
CIV,2014.5,40
CIV,2014.58,12
CIV,2014.67,0
CIV,2014.75,26
CIV,2014.83,20
CIV,2014.92,22
CIV,2015,24
CIV,2015.08,17
CIV,2015.17,47
CIV,2015.25,7
CIV,2015.33,71
CIV,2015.42,17
CIV,2015.5,0
CIV,2015.58,1
CIV,2015.67,68
CIV,2015.75,1
CIV,2015.83,292
CIV,2015.92,1
CIV,2016,321
CMR,2013.42,0
CMR,2013.5,0
CMR,2013.58,0
CMR,2013.67,0
CMR,2013.75,0
CMR,2013.83,0
CMR,2013.92,0
CMR,2014,0
CMR,2014.08,0
CMR,2014.17,0
CMR,2014.25,0
CMR,2014.33,0
CMR,2014.42,0
CMR,2014.5,0
CMR,2014.58,0
CMR,2014.67,2
CMR,2014.75,0
CMR,2014.83,0
CMR,2014.92,0
CMR,2015,3
CMR,2015.08,0
CMR,2015.17,0
CMR,2015.25,3
CMR,2015.33,0
CMR,2015.42,98
CMR,2015.5,0
CMR,2015.58,0
CMR,2015.67,0
CMR,2015.75,2
CMR,2015.83,0
CMR,2015.92,0
CMR,2016,0
COD,2013.42,0
COD,2013.5,0
COD,2013.58,0
COD,2013.67,0
COD,2013.75,0
COD,2013.83,0
COD,2013.92,0
COD,2014,0
COD,2014.08,0
COD,2014.17,0
COD,2014.25,0
COD,2014.33,0
COD,2014.42,0
COD,2014.5,0
COD,2014.58,0
COD,2014.67,0
COD,2014.75,0
COD,2014.83,0
COD,2014.92,0
COD,2015,0
COD,2015.08,0
COD,2015.17,92
COD,2015.25,0
COD,2015.33,0
COD,2015.42,12
COD,2015.5,0
COD,2015.58,0
COD,2015.67,229
COD,2015.75,0
COD,2015.83,0
COD,2015.92,210
COD,2016,1154
COG,2013.42,0
COG,2013.5,0
COG,2013.58,0
COG,2013.67,0
COG,2013.75,0
COG,2013.83,0
COG,2013.92,0
COG,2014,0
COG,2014.08,0
COG,2014.17,0
COG,2014.25,0
COG,2014.33,0
COG,2014.42,0
COG,2014.5,0
COG,2014.58,0
COG,2014.67,0
COG,2014.75,0
COG,2014.83,0
COG,2014.92,0
COG,2015,0
COG,2015.08,0
COG,2015.17,42
COG,2015.25,20
COG,2015.33,27
COG,2015.42,38
COG,2015.5,0
COG,2015.58,0
COG,2015.67,0
COG,2015.75,2
COG,2015.83,0
COG,2015.92,0
COG,2016,0
COL,2013.42,124
COL,2013.5,76
COL,2013.58,276
COL,2013.67,188
COL,2013.75,406
COL,2013.83,204
COL,2013.92,98
COL,2014,542
COL,2014.08,636
COL,2014.17,368
COL,2014.25,64
COL,2014.33,0
COL,2014.42,34
COL,2014.5,30
COL,2014.58,28
COL,2014.67,96
COL,2014.75,92
COL,2014.83,52
COL,2014.92,104
COL,2015,22
COL,2015.08,35
COL,2015.17,28
COL,2015.25,24
COL,2015.33,8
COL,2015.42,37
COL,2015.5,34
COL,2015.58,0
COL,2015.67,7
COL,2015.75,36
COL,2015.83,4
COL,2015.92,0
COL,2016,0
CRI,2013.42,0
CRI,2013.5,22
CRI,2013.58,160
CRI,2013.67,168
CRI,2013.75,0
CRI,2013.83,150
CRI,2013.92,0
CRI,2014,26
CRI,2014.08,254
CRI,2014.17,62
CRI,2014.25,78
CRI,2014.33,150
CRI,2014.42,34
CRI,2014.5,64
CRI,2014.58,0
CRI,2014.67,86
CRI,2014.75,146
CRI,2014.83,30
CRI,2014.92,0
CRI,2015,53
CRI,2015.08,160
CRI,2015.17,36
CRI,2015.25,106
CRI,2015.33,9
CRI,2015.42,105
CRI,2015.5,4
CRI,2015.58,289
CRI,2015.67,202
CRI,2015.75,60
CRI,2015.83,41
CRI,2015.92,155
CRI,2016,374
CUW,2013.42,0
CUW,2013.5,36
CUW,2013.58,0
CUW,2013.67,0
CUW,2013.75,0
CUW,2013.83,10
CUW,2013.92,30
CUW,2014,0
CUW,2014.08,8
CUW,2014.17,36
CUW,2014.25,118
CUW,2014.33,148
CUW,2014.42,36
CUW,2014.5,32
CUW,2014.58,0
CUW,2014.67,0
CUW,2014.75,0
CUW,2014.83,40
CUW,2014.92,140
CUW,2015,7
CUW,2015.08,0
CUW,2015.17,1
CUW,2015.25,2
CUW,2015.33,0
CUW,2015.42,0
CUW,2015.5,6
CUW,2015.58,0
CUW,2015.67,0
CUW,2015.75,147
CUW,2015.83,2
CUW,2015.92,0
CUW,2016,0
CYM,2013.42,0
CYM,2013.5,0
CYM,2013.58,0
CYM,2013.67,0
CYM,2013.75,0
CYM,2013.83,0
CYM,2013.92,0
CYM,2014,6
CYM,2014.08,0
CYM,2014.17,0
CYM,2014.25,0
CYM,2014.33,0
CYM,2014.42,0
CYM,2014.5,22
CYM,2014.58,0
CYM,2014.67,0
CYM,2014.75,4
CYM,2014.83,0
CYM,2014.92,0
CYM,2015,2
CYM,2015.08,0
CYM,2015.17,0
CYM,2015.25,0
CYM,2015.33,0
CYM,2015.42,10
CYM,2015.5,0
CYM,2015.58,1
CYM,2015.67,0
CYM,2015.75,0
CYM,2015.83,0
CYM,2015.92,1
CYM,2016,0
CYP,2013.42,6
CYP,2013.5,16
CYP,2013.58,0
CYP,2013.67,0
CYP,2013.75,38
CYP,2013.83,4
CYP,2013.92,18
CYP,2014,0
CYP,2014.08,0
CYP,2014.17,10
CYP,2014.25,0
CYP,2014.33,0
CYP,2014.42,0
CYP,2014.5,0
CYP,2014.58,0
CYP,2014.67,86
CYP,2014.75,70
CYP,2014.83,24
CYP,2014.92,104
CYP,2015,77
CYP,2015.08,141
CYP,2015.17,15
CYP,2015.25,194
CYP,2015.33,75
CYP,2015.42,0
CYP,2015.5,0
CYP,2015.58,0
CYP,2015.67,0
CYP,2015.75,3
CYP,2015.83,0
CYP,2015.92,0
CYP,2016,0
CZE,2013.42,24
CZE,2013.5,74
CZE,2013.58,2
CZE,2013.67,62
CZE,2013.75,78
CZE,2013.83,90
CZE,2013.92,176
CZE,2014,66
CZE,2014.08,32
CZE,2014.17,62
CZE,2014.25,2
CZE,2014.33,78
CZE,2014.42,14
CZE,2014.5,8
CZE,2014.58,136
CZE,2014.67,38
CZE,2014.75,120
CZE,2014.83,132
CZE,2014.92,654
CZE,2015,197
CZE,2015.08,713
CZE,2015.17,82
CZE,2015.25,53
CZE,2015.33,132
CZE,2015.42,205
CZE,2015.5,181
CZE,2015.58,375
CZE,2015.67,112
CZE,2015.75,225
CZE,2015.83,52
CZE,2015.92,850
CZE,2016,188
DEU,2013.42,84
DEU,2013.5,68
DEU,2013.58,42
DEU,2013.67,112
DEU,2013.75,610
DEU,2013.83,272
DEU,2013.92,222
DEU,2014,130
DEU,2014.08,600
DEU,2014.17,840
DEU,2014.25,345
DEU,2014.33,160
DEU,2014.42,452
DEU,2014.5,86
DEU,2014.58,734
DEU,2014.67,1020
DEU,2014.75,308
DEU,2014.83,1674
DEU,2014.92,702
DEU,2015,345
DEU,2015.08,353
DEU,2015.17,453
DEU,2015.25,757
DEU,2015.33,808
DEU,2015.42,456
DEU,2015.5,570
DEU,2015.58,277
DEU,2015.67,704
DEU,2015.75,855
DEU,2015.83,161
DEU,2015.92,92
DEU,2016,244
DJI,2013.42,0
DJI,2013.5,0
DJI,2013.58,0
DJI,2013.67,0
DJI,2013.75,0
DJI,2013.83,0
DJI,2013.92,0
DJI,2014,0
DJI,2014.08,0
DJI,2014.17,0
DJI,2014.25,0
DJI,2014.33,0
DJI,2014.42,0
DJI,2014.5,0
DJI,2014.58,0
DJI,2014.67,0
DJI,2014.75,0
DJI,2014.83,0
DJI,2014.92,0
DJI,2015,0
DJI,2015.08,0
DJI,2015.17,0
DJI,2015.25,0
DJI,2015.33,0
DJI,2015.42,0
DJI,2015.5,0
DJI,2015.58,320
DJI,2015.67,0
DJI,2015.75,0
DJI,2015.83,0
DJI,2015.92,676
DJI,2016,0
DMA,2013.42,0
DMA,2013.5,0
DMA,2013.58,0
DMA,2013.67,0
DMA,2013.75,0
DMA,2013.83,0
DMA,2013.92,0
DMA,2014,0
DMA,2014.08,0
DMA,2014.17,0
DMA,2014.25,0
DMA,2014.33,0
DMA,2014.42,0
DMA,2014.5,0
DMA,2014.58,0
DMA,2014.67,0
DMA,2014.75,0
DMA,2014.83,0
DMA,2014.92,0
DMA,2015,0
DMA,2015.08,0
DMA,2015.17,0
DMA,2015.25,0
DMA,2015.33,0
DMA,2015.42,0
DMA,2015.5,0
DMA,2015.58,0
DMA,2015.67,0
DMA,2015.75,101
DMA,2015.83,0
DMA,2015.92,0
DMA,2016,0
DNK,2013.42,54
DNK,2013.5,18
DNK,2013.58,4
DNK,2013.67,4
DNK,2013.75,18
DNK,2013.83,36
DNK,2013.92,46
DNK,2014,36
DNK,2014.08,368
DNK,2014.17,720
DNK,2014.25,744
DNK,2014.33,82
DNK,2014.42,142
DNK,2014.5,118
DNK,2014.58,816
DNK,2014.67,942
DNK,2014.75,708
DNK,2014.83,475
DNK,2014.92,572
DNK,2015,523
DNK,2015.08,199
DNK,2015.17,503
DNK,2015.25,507
DNK,2015.33,192
DNK,2015.42,293
DNK,2015.5,698
DNK,2015.58,849
DNK,2015.67,1179
DNK,2015.75,4382
DNK,2015.83,370
DNK,2015.92,286
DNK,2016,227
DOM,2013.42,0
DOM,2013.5,0
DOM,2013.58,0
DOM,2013.67,44
DOM,2013.75,126
DOM,2013.83,0
DOM,2013.92,0
DOM,2014,36
DOM,2014.08,40
DOM,2014.17,0
DOM,2014.25,12
DOM,2014.33,24
DOM,2014.42,0
DOM,2014.5,14
DOM,2014.58,0
DOM,2014.67,0
DOM,2014.75,0
DOM,2014.83,0
DOM,2014.92,0
DOM,2015,0
DOM,2015.08,0
DOM,2015.17,0
DOM,2015.25,0
DOM,2015.33,0
DOM,2015.42,0
DOM,2015.5,0
DOM,2015.58,0
DOM,2015.67,110
DOM,2015.75,0
DOM,2015.83,20
DOM,2015.92,4
DOM,2016,0
DZA,2013.42,0
DZA,2013.5,12
DZA,2013.58,16
DZA,2013.67,0
DZA,2013.75,0
DZA,2013.83,0
DZA,2013.92,0
DZA,2014,0
DZA,2014.08,8
DZA,2014.17,64
DZA,2014.25,4
DZA,2014.33,0
DZA,2014.42,0
DZA,2014.5,0
DZA,2014.58,2
DZA,2014.67,24
DZA,2014.75,8
DZA,2014.83,0
DZA,2014.92,0
DZA,2015,52
DZA,2015.08,15
DZA,2015.17,0
DZA,2015.25,0
DZA,2015.33,0
DZA,2015.42,55
DZA,2015.5,11
DZA,2015.58,41
DZA,2015.67,153
DZA,2015.75,24
DZA,2015.83,4
DZA,2015.92,0
DZA,2016,0
ECU,2013.42,0
ECU,2013.5,0
ECU,2013.58,0
ECU,2013.67,0
ECU,2013.75,0
ECU,2013.83,0
ECU,2013.92,0
ECU,2014,0
ECU,2014.08,0
ECU,2014.17,0
ECU,2014.25,0
ECU,2014.33,0
ECU,2014.42,0
ECU,2014.5,0
ECU,2014.58,0
ECU,2014.67,0
ECU,2014.75,0
ECU,2014.83,0
ECU,2014.92,20
ECU,2015,22
ECU,2015.08,63
ECU,2015.17,37
ECU,2015.25,9
ECU,2015.33,2
ECU,2015.42,17
ECU,2015.5,43
ECU,2015.58,108
ECU,2015.67,0
ECU,2015.75,105
ECU,2015.83,9
ECU,2015.92,70
ECU,2016,122
EGY,2013.42,0
EGY,2013.5,308
EGY,2013.58,122
EGY,2013.67,198
EGY,2013.75,58
EGY,2013.83,10
EGY,2013.92,10
EGY,2014,64
EGY,2014.08,52
EGY,2014.17,4
EGY,2014.25,58
EGY,2014.33,236
EGY,2014.42,76
EGY,2014.5,124
EGY,2014.58,62
EGY,2014.67,66
EGY,2014.75,94
EGY,2014.83,62
EGY,2014.92,0
EGY,2015,33
EGY,2015.08,4
EGY,2015.17,2
EGY,2015.25,0
EGY,2015.33,1
EGY,2015.42,19
EGY,2015.5,423
EGY,2015.58,159
EGY,2015.67,642
EGY,2015.75,669
EGY,2015.83,297
EGY,2015.92,87
EGY,2016,668
ESP,2013.42,18
ESP,2013.5,12
ESP,2013.58,14
ESP,2013.67,28
ESP,2013.75,28
ESP,2013.83,52
ESP,2013.92,36
ESP,2014,46
ESP,2014.08,120
ESP,2014.17,82
ESP,2014.25,112
ESP,2014.33,16
ESP,2014.42,10
ESP,2014.5,50
ESP,2014.58,62
ESP,2014.67,348
ESP,2014.75,234
ESP,2014.83,418
ESP,2014.92,142
ESP,2015,255
ESP,2015.08,311
ESP,2015.17,285
ESP,2015.25,391
ESP,2015.33,82
ESP,2015.42,260
ESP,2015.5,295
ESP,2015.58,256
ESP,2015.67,790
ESP,2015.75,732
ESP,2015.83,267
ESP,2015.92,778
ESP,2016,106
EST,2013.42,0
EST,2013.5,0
EST,2013.58,0
EST,2013.67,0
EST,2013.75,0
EST,2013.83,0
EST,2013.92,16
EST,2014,0
EST,2014.08,10
EST,2014.17,40
EST,2014.25,0
EST,2014.33,0
EST,2014.42,28
EST,2014.5,0
EST,2014.58,4
EST,2014.67,48
EST,2014.75,2
EST,2014.83,16
EST,2014.92,4
EST,2015,238
EST,2015.08,42
EST,2015.17,219
EST,2015.25,312
EST,2015.33,337
EST,2015.42,82
EST,2015.5,156
EST,2015.58,12
EST,2015.67,122
EST,2015.75,246
EST,2015.83,0
EST,2015.92,2
EST,2016,0
ETH,2013.42,0
ETH,2013.5,0
ETH,2013.58,0
ETH,2013.67,0
ETH,2013.75,0
ETH,2013.83,0
ETH,2013.92,0
ETH,2014,0
ETH,2014.08,0
ETH,2014.17,0
ETH,2014.25,0
ETH,2014.33,0
ETH,2014.42,0
ETH,2014.5,0
ETH,2014.58,0
ETH,2014.67,0
ETH,2014.75,2
ETH,2014.83,0
ETH,2014.92,0
ETH,2015,0
ETH,2015.08,0
ETH,2015.17,0
ETH,2015.25,0
ETH,2015.33,0
ETH,2015.42,0
ETH,2015.5,0
ETH,2015.58,0
ETH,2015.67,0
ETH,2015.75,0
ETH,2015.83,0
ETH,2015.92,29
ETH,2016,0
FIN,2013.42,0
FIN,2013.5,6
FIN,2013.58,2
FIN,2013.67,0
FIN,2013.75,0
FIN,2013.83,0
FIN,2013.92,90
FIN,2014,218
FIN,2014.08,740
FIN,2014.17,486
FIN,2014.25,36
FIN,2014.33,176
FIN,2014.42,316
FIN,2014.5,58
FIN,2014.58,236
FIN,2014.67,42
FIN,2014.75,312
FIN,2014.83,40
FIN,2014.92,142
FIN,2015,151
FIN,2015.08,156
FIN,2015.17,70
FIN,2015.25,35
FIN,2015.33,33
FIN,2015.42,40
FIN,2015.5,436
FIN,2015.58,175
FIN,2015.67,0
FIN,2015.75,507
FIN,2015.83,0
FIN,2015.92,290
FIN,2016,995
FJI,2013.42,2
FJI,2013.5,0
FJI,2013.58,0
FJI,2013.67,0
FJI,2013.75,0
FJI,2013.83,4
FJI,2013.92,2
FJI,2014,4
FJI,2014.08,0
FJI,2014.17,0
FJI,2014.25,0
FJI,2014.33,0
FJI,2014.42,0
FJI,2014.5,0
FJI,2014.58,0
FJI,2014.67,2
FJI,2014.75,0
FJI,2014.83,0
FJI,2014.92,0
FJI,2015,4
FJI,2015.08,4
FJI,2015.17,0
FJI,2015.25,1
FJI,2015.33,0
FJI,2015.42,0
FJI,2015.5,0
FJI,2015.58,0
FJI,2015.67,0
FJI,2015.75,0
FJI,2015.83,0
FJI,2015.92,0
FJI,2016,0
FRA,2013.42,672
FRA,2013.5,546
FRA,2013.58,268
FRA,2013.67,294
FRA,2013.75,880
FRA,2013.83,1036
FRA,2013.92,1418
FRA,2014,2339
FRA,2014.08,1884
FRA,2014.17,826
FRA,2014.25,652
FRA,2014.33,272
FRA,2014.42,320
FRA,2014.5,272
FRA,2014.58,806
FRA,2014.67,1456
FRA,2014.75,810
FRA,2014.83,1650
FRA,2014.92,1404
FRA,2015,1235
FRA,2015.08,1107
FRA,2015.17,819
FRA,2015.25,1281
FRA,2015.33,900
FRA,2015.42,1748
FRA,2015.5,1630
FRA,2015.58,885
FRA,2015.67,1518
FRA,2015.75,1471
FRA,2015.83,185
FRA,2015.92,790
FRA,2016,1532
FRO,2013.42,0
FRO,2013.5,0
FRO,2013.58,0
FRO,2013.67,0
FRO,2013.75,0
FRO,2013.83,0
FRO,2013.92,0
FRO,2014,0
FRO,2014.08,0
FRO,2014.17,0
FRO,2014.25,0
FRO,2014.33,0
FRO,2014.42,0
FRO,2014.5,0
FRO,2014.58,0
FRO,2014.67,0
FRO,2014.75,0
FRO,2014.83,0
FRO,2014.92,0
FRO,2015,3
FRO,2015.08,1
FRO,2015.17,5
FRO,2015.25,2
FRO,2015.33,0
FRO,2015.42,0
FRO,2015.5,4
FRO,2015.58,0
FRO,2015.67,0
FRO,2015.75,0
FRO,2015.83,0
FRO,2015.92,0
FRO,2016,0
GAB,2013.42,22
GAB,2013.5,0
GAB,2013.58,0
GAB,2013.67,0
GAB,2013.75,0
GAB,2013.83,0
GAB,2013.92,0
GAB,2014,0
GAB,2014.08,0
GAB,2014.17,0
GAB,2014.25,0
GAB,2014.33,0
GAB,2014.42,0
GAB,2014.5,0
GAB,2014.58,0
GAB,2014.67,0
GAB,2014.75,0
GAB,2014.83,0
GAB,2014.92,0
GAB,2015,0
GAB,2015.08,0
GAB,2015.17,42
GAB,2015.25,22
GAB,2015.33,27
GAB,2015.42,38
GAB,2015.5,0
GAB,2015.58,0
GAB,2015.67,0
GAB,2015.75,0
GAB,2015.83,0
GAB,2015.92,0
GAB,2016,0
GBR,2013.42,250
GBR,2013.5,300
GBR,2013.58,224
GBR,2013.67,316
GBR,2013.75,230
GBR,2013.83,214
GBR,2013.92,376
GBR,2014,338
GBR,2014.08,662
GBR,2014.17,628
GBR,2014.25,504
GBR,2014.33,550
GBR,2014.42,360
GBR,2014.5,886
GBR,2014.58,946
GBR,2014.67,1204
GBR,2014.75,1452
GBR,2014.83,776
GBR,2014.92,619
GBR,2015,658
GBR,2015.08,1062
GBR,2015.17,526
GBR,2015.25,2158
GBR,2015.33,553
GBR,2015.42,2325
GBR,2015.5,1214
GBR,2015.58,2083
GBR,2015.67,2326
GBR,2015.75,2180
GBR,2015.83,933
GBR,2015.92,596
GBR,2016,1269
GEO,2013.42,0
GEO,2013.5,0
GEO,2013.58,0
GEO,2013.67,0
GEO,2013.75,0
GEO,2013.83,0
GEO,2013.92,0
GEO,2014,0
GEO,2014.08,0
GEO,2014.17,102
GEO,2014.25,0
GEO,2014.33,0
GEO,2014.42,0
GEO,2014.5,0
GEO,2014.58,0
GEO,2014.67,0
GEO,2014.75,0
GEO,2014.83,0
GEO,2014.92,30
GEO,2015,0
GEO,2015.08,4
GEO,2015.17,5
GEO,2015.25,6
GEO,2015.33,112
GEO,2015.42,10
GEO,2015.5,0
GEO,2015.58,0
GEO,2015.67,0
GEO,2015.75,0
GEO,2015.83,0
GEO,2015.92,2
GEO,2016,0
GGY,2013.42,74
GGY,2013.5,136
GGY,2013.58,194
GGY,2013.67,96
GGY,2013.75,80
GGY,2013.83,36
GGY,2013.92,0
GGY,2014,0
GGY,2014.08,0
GGY,2014.17,0
GGY,2014.25,0
GGY,2014.33,0
GGY,2014.42,0
GGY,2014.5,0
GGY,2014.58,0
GGY,2014.67,0
GGY,2014.75,2
GGY,2014.83,0
GGY,2014.92,0
GGY,2015,0
GGY,2015.08,1
GGY,2015.17,95
GGY,2015.25,313
GGY,2015.33,74
GGY,2015.42,0
GGY,2015.5,10
GGY,2015.58,12
GGY,2015.67,6
GGY,2015.75,16
GGY,2015.83,0
GGY,2015.92,13
GGY,2016,0
GHA,2013.42,0
GHA,2013.5,0
GHA,2013.58,0
GHA,2013.67,0
GHA,2013.75,0
GHA,2013.83,0
GHA,2013.92,0
GHA,2014,34
GHA,2014.08,0
GHA,2014.17,0
GHA,2014.25,0
GHA,2014.33,0
GHA,2014.42,0
GHA,2014.5,0
GHA,2014.58,0
GHA,2014.67,0
GHA,2014.75,0
GHA,2014.83,0
GHA,2014.92,0
GHA,2015,0
GHA,2015.08,0
GHA,2015.17,3
GHA,2015.25,234
GHA,2015.33,3
GHA,2015.42,98
GHA,2015.5,0
GHA,2015.58,19
GHA,2015.67,121
GHA,2015.75,11
GHA,2015.83,5
GHA,2015.92,27
GHA,2016,0
GIB,2013.42,16
GIB,2013.5,0
GIB,2013.58,84
GIB,2013.67,144
GIB,2013.75,162
GIB,2013.83,0
GIB,2013.92,16
GIB,2014,0
GIB,2014.08,0
GIB,2014.17,0
GIB,2014.25,0
GIB,2014.33,12
GIB,2014.42,74
GIB,2014.5,0
GIB,2014.58,0
GIB,2014.67,100
GIB,2014.75,938
GIB,2014.83,1422
GIB,2014.92,922
GIB,2015,200
GIB,2015.08,136
GIB,2015.17,406
GIB,2015.25,326
GIB,2015.33,16
GIB,2015.42,66
GIB,2015.5,423
GIB,2015.58,206
GIB,2015.67,156
GIB,2015.75,178
GIB,2015.83,173
GIB,2015.92,190
GIB,2016,174
GLP,2013.42,26
GLP,2013.5,28
GLP,2013.58,10
GLP,2013.67,2
GLP,2013.75,10
GLP,2013.83,0
GLP,2013.92,0
GLP,2014,0
GLP,2014.08,22
GLP,2014.17,0
GLP,2014.25,0
GLP,2014.33,0
GLP,2014.42,2
GLP,2014.5,0
GLP,2014.58,0
GLP,2014.67,0
GLP,2014.75,0
GLP,2014.83,2
GLP,2014.92,0
GLP,2015,4
GLP,2015.08,0
GLP,2015.17,0
GLP,2015.25,0
GLP,2015.33,1
GLP,2015.42,0
GLP,2015.5,0
GLP,2015.58,0
GLP,2015.67,2
GLP,2015.75,0
GLP,2015.83,0
GLP,2015.92,0
GLP,2016,0
GMB,2013.42,0
GMB,2013.5,0
GMB,2013.58,0
GMB,2013.67,0
GMB,2013.75,0
GMB,2013.83,0
GMB,2013.92,0
GMB,2014,0
GMB,2014.08,0
GMB,2014.17,0
GMB,2014.25,0
GMB,2014.33,0
GMB,2014.42,0
GMB,2014.5,0
GMB,2014.58,0
GMB,2014.67,0
GMB,2014.75,0
GMB,2014.83,0
GMB,2014.92,0
GMB,2015,0
GMB,2015.08,0
GMB,2015.17,0
GMB,2015.25,0
GMB,2015.33,27
GMB,2015.42,38
GMB,2015.5,0
GMB,2015.58,0
GMB,2015.67,0
GMB,2015.75,0
GMB,2015.83,0
GMB,2015.92,0
GMB,2016,0
GNQ,2013.42,0
GNQ,2013.5,0
GNQ,2013.58,0
GNQ,2013.67,0
GNQ,2013.75,0
GNQ,2013.83,0
GNQ,2013.92,0
GNQ,2014,0
GNQ,2014.08,0
GNQ,2014.17,0
GNQ,2014.25,0
GNQ,2014.33,0
GNQ,2014.42,0
GNQ,2014.5,0
GNQ,2014.58,0
GNQ,2014.67,0
GNQ,2014.75,0
GNQ,2014.83,0
GNQ,2014.92,0
GNQ,2015,0
GNQ,2015.08,0
GNQ,2015.17,42
GNQ,2015.25,0
GNQ,2015.33,27
GNQ,2015.42,19
GNQ,2015.5,0
GNQ,2015.58,0
GNQ,2015.67,0
GNQ,2015.75,0
GNQ,2015.83,0
GNQ,2015.92,0
GNQ,2016,0
GRC,2013.42,6
GRC,2013.5,6
GRC,2013.58,62
GRC,2013.67,92
GRC,2013.75,8
GRC,2013.83,26
GRC,2013.92,10
GRC,2014,150
GRC,2014.08,160
GRC,2014.17,34
GRC,2014.25,26
GRC,2014.33,8
GRC,2014.42,24
GRC,2014.5,118
GRC,2014.58,520
GRC,2014.67,490
GRC,2014.75,186
GRC,2014.83,318
GRC,2014.92,216
GRC,2015,130
GRC,2015.08,423
GRC,2015.17,29
GRC,2015.25,75
GRC,2015.33,53
GRC,2015.42,47
GRC,2015.5,476
GRC,2015.58,379
GRC,2015.67,399
GRC,2015.75,279
GRC,2015.83,0
GRC,2015.92,537
GRC,2016,206
GTM,2013.42,78
GTM,2013.5,0
GTM,2013.58,38
GTM,2013.67,20
GTM,2013.75,0
GTM,2013.83,14
GTM,2013.92,0
GTM,2014,4
GTM,2014.08,28
GTM,2014.17,98
GTM,2014.25,0
GTM,2014.33,0
GTM,2014.42,60
GTM,2014.5,0
GTM,2014.58,28
GTM,2014.67,2
GTM,2014.75,0
GTM,2014.83,284
GTM,2014.92,740
GTM,2015,13
GTM,2015.08,0
GTM,2015.17,150
GTM,2015.25,0
GTM,2015.33,0
GTM,2015.42,0
GTM,2015.5,9
GTM,2015.58,0
GTM,2015.67,110
GTM,2015.75,0
GTM,2015.83,0
GTM,2015.92,7
GTM,2016,0
GUM,2013.42,0
GUM,2013.5,0
GUM,2013.58,0
GUM,2013.67,0
GUM,2013.75,0
GUM,2013.83,0
GUM,2013.92,0
GUM,2014,0
GUM,2014.08,0
GUM,2014.17,6
GUM,2014.25,0
GUM,2014.33,0
GUM,2014.42,0
GUM,2014.5,2
GUM,2014.58,6
GUM,2014.67,0
GUM,2014.75,0
GUM,2014.83,2
GUM,2014.92,0
GUM,2015,0
GUM,2015.08,0
GUM,2015.17,0
GUM,2015.25,2
GUM,2015.33,1
GUM,2015.42,0
GUM,2015.5,0
GUM,2015.58,3
GUM,2015.67,4
GUM,2015.75,0
GUM,2015.83,0
GUM,2015.92,0
GUM,2016,0
HKG,2013.42,220
HKG,2013.5,28
HKG,2013.58,76
HKG,2013.67,198
HKG,2013.75,86
HKG,2013.83,124
HKG,2013.92,122
HKG,2014,8
HKG,2014.08,6
HKG,2014.17,22
HKG,2014.25,26
HKG,2014.33,86
HKG,2014.42,374
HKG,2014.5,292
HKG,2014.58,32
HKG,2014.67,40
HKG,2014.75,378
HKG,2014.83,380
HKG,2014.92,244
HKG,2015,107
HKG,2015.08,179
HKG,2015.17,85
HKG,2015.25,327
HKG,2015.33,121
HKG,2015.42,118
HKG,2015.5,3
HKG,2015.58,67
HKG,2015.67,48
HKG,2015.75,355
HKG,2015.83,213
HKG,2015.92,293
HKG,2016,7
HND,2013.42,0
HND,2013.5,10
HND,2013.58,6
HND,2013.67,4
HND,2013.75,6
HND,2013.83,4
HND,2013.92,20
HND,2014,8
HND,2014.08,10
HND,2014.17,14
HND,2014.25,4
HND,2014.33,0
HND,2014.42,0
HND,2014.5,0
HND,2014.58,12
HND,2014.67,2
HND,2014.75,4
HND,2014.83,2
HND,2014.92,0
HND,2015,2
HND,2015.08,1
HND,2015.17,1
HND,2015.25,0
HND,2015.33,0
HND,2015.42,0
HND,2015.5,0
HND,2015.58,0
HND,2015.67,0
HND,2015.75,0
HND,2015.83,0
HND,2015.92,2
HND,2016,0
HRV,2013.42,0
HRV,2013.5,0
HRV,2013.58,0
HRV,2013.67,0
HRV,2013.75,0
HRV,2013.83,0
HRV,2013.92,616
HRV,2014,0
HRV,2014.08,0
HRV,2014.17,40
HRV,2014.25,0
HRV,2014.33,270
HRV,2014.42,222
HRV,2014.5,26
HRV,2014.58,48
HRV,2014.67,50
HRV,2014.75,4
HRV,2014.83,0
HRV,2014.92,2
HRV,2015,54
HRV,2015.08,7
HRV,2015.17,24
HRV,2015.25,84
HRV,2015.33,359
HRV,2015.42,475
HRV,2015.5,141
HRV,2015.58,0
HRV,2015.67,292
HRV,2015.75,0
HRV,2015.83,15
HRV,2015.92,0
HRV,2016,0
HTI,2013.42,0
HTI,2013.5,0
HTI,2013.58,0
HTI,2013.67,2
HTI,2013.75,2
HTI,2013.83,2
HTI,2013.92,0
HTI,2014,0
HTI,2014.08,0
HTI,2014.17,0
HTI,2014.25,4
HTI,2014.33,0
HTI,2014.42,0
HTI,2014.5,0
HTI,2014.58,0
HTI,2014.67,0
HTI,2014.75,0
HTI,2014.83,0
HTI,2014.92,8
HTI,2015,0
HTI,2015.08,0
HTI,2015.17,3
HTI,2015.25,0
HTI,2015.33,0
HTI,2015.42,0
HTI,2015.5,0
HTI,2015.58,0
HTI,2015.67,0
HTI,2015.75,0
HTI,2015.83,1
HTI,2015.92,0
HTI,2016,0
HUN,2013.42,2
HUN,2013.5,2
HUN,2013.58,0
HUN,2013.67,4
HUN,2013.75,32
HUN,2013.83,128
HUN,2013.92,38
HUN,2014,10
HUN,2014.08,12
HUN,2014.17,4
HUN,2014.25,12
HUN,2014.33,12
HUN,2014.42,4
HUN,2014.5,10
HUN,2014.58,0
HUN,2014.67,10
HUN,2014.75,14
HUN,2014.83,90
HUN,2014.92,24
HUN,2015,3
HUN,2015.08,76
HUN,2015.17,19
HUN,2015.25,73
HUN,2015.33,7
HUN,2015.42,525
HUN,2015.5,2
HUN,2015.58,264
HUN,2015.67,906
HUN,2015.75,1466
HUN,2015.83,98
HUN,2015.92,386
HUN,2016,36
IDN,2013.42,0
IDN,2013.5,2
IDN,2013.58,0
IDN,2013.67,30
IDN,2013.75,40
IDN,2013.83,530
IDN,2013.92,766
IDN,2014,164
IDN,2014.08,418
IDN,2014.17,36
IDN,2014.25,132
IDN,2014.33,302
IDN,2014.42,206
IDN,2014.5,226
IDN,2014.58,126
IDN,2014.67,126
IDN,2014.75,118
IDN,2014.83,118
IDN,2014.92,278
IDN,2015,193
IDN,2015.08,217
IDN,2015.17,34
IDN,2015.25,135
IDN,2015.33,0
IDN,2015.42,144
IDN,2015.5,45
IDN,2015.58,6
IDN,2015.67,110
IDN,2015.75,504
IDN,2015.83,0
IDN,2015.92,3
IDN,2016,0
IMN,2013.42,0
IMN,2013.5,14
IMN,2013.58,0
IMN,2013.67,0
IMN,2013.75,0
IMN,2013.83,0
IMN,2013.92,6
IMN,2014,0
IMN,2014.08,0
IMN,2014.17,2
IMN,2014.25,0
IMN,2014.33,0
IMN,2014.42,0
IMN,2014.5,0
IMN,2014.58,106
IMN,2014.67,1602
IMN,2014.75,94
IMN,2014.83,18
IMN,2014.92,188
IMN,2015,237
IMN,2015.08,16
IMN,2015.17,119
IMN,2015.25,280
IMN,2015.33,55
IMN,2015.42,103
IMN,2015.5,32
IMN,2015.58,11
IMN,2015.67,131
IMN,2015.75,110
IMN,2015.83,206
IMN,2015.92,153
IMN,2016,27
IND,2013.42,10
IND,2013.5,2
IND,2013.58,0
IND,2013.67,0
IND,2013.75,14
IND,2013.83,8
IND,2013.92,8
IND,2014,56
IND,2014.08,74
IND,2014.17,328
IND,2014.25,990
IND,2014.33,292
IND,2014.42,144
IND,2014.5,70
IND,2014.58,158
IND,2014.67,356
IND,2014.75,26
IND,2014.83,32
IND,2014.92,958
IND,2015,268
IND,2015.08,352
IND,2015.17,291
IND,2015.25,157
IND,2015.33,63
IND,2015.42,196
IND,2015.5,321
IND,2015.58,74
IND,2015.67,252
IND,2015.75,559
IND,2015.83,128
IND,2015.92,353
IND,2016,568
IOT,2013.42,4
IOT,2013.5,0
IOT,2013.58,0
IOT,2013.67,0
IOT,2013.75,0
IOT,2013.83,0
IOT,2013.92,0
IOT,2014,0
IOT,2014.08,2
IOT,2014.17,6
IOT,2014.25,4
IOT,2014.33,0
IOT,2014.42,0
IOT,2014.5,0
IOT,2014.58,0
IOT,2014.67,0
IOT,2014.75,2
IOT,2014.83,0
IOT,2014.92,0
IOT,2015,0
IOT,2015.08,0
IOT,2015.17,0
IOT,2015.25,0
IOT,2015.33,0
IOT,2015.42,0
IOT,2015.5,0
IOT,2015.58,0
IOT,2015.67,0
IOT,2015.75,0
IOT,2015.83,0
IOT,2015.92,0
IOT,2016,0
IRL,2013.42,2
IRL,2013.5,6
IRL,2013.58,2
IRL,2013.67,32
IRL,2013.75,58
IRL,2013.83,346
IRL,2013.92,62
IRL,2014,294
IRL,2014.08,240
IRL,2014.17,148
IRL,2014.25,34
IRL,2014.33,24
IRL,2014.42,14
IRL,2014.5,10
IRL,2014.58,54
IRL,2014.67,26
IRL,2014.75,128
IRL,2014.83,190
IRL,2014.92,48
IRL,2015,28
IRL,2015.08,114
IRL,2015.17,213
IRL,2015.25,270
IRL,2015.33,54
IRL,2015.42,280
IRL,2015.5,35
IRL,2015.58,83
IRL,2015.67,423
IRL,2015.75,798
IRL,2015.83,44
IRL,2015.92,40
IRL,2016,22
IRN,2013.42,34
IRN,2013.5,26
IRN,2013.58,2
IRN,2013.67,96
IRN,2013.75,18
IRN,2013.83,96
IRN,2013.92,44
IRN,2014,56
IRN,2014.08,12
IRN,2014.17,0
IRN,2014.25,0
IRN,2014.33,46
IRN,2014.42,0
IRN,2014.5,372
IRN,2014.58,298
IRN,2014.67,58
IRN,2014.75,394
IRN,2014.83,98
IRN,2014.92,212
IRN,2015,143
IRN,2015.08,39
IRN,2015.17,212
IRN,2015.25,392
IRN,2015.33,121
IRN,2015.42,30
IRN,2015.5,122
IRN,2015.58,23
IRN,2015.67,652
IRN,2015.75,731
IRN,2015.83,23
IRN,2015.92,13
IRN,2016,196
IRQ,2013.42,108
IRQ,2013.5,0
IRQ,2013.58,0
IRQ,2013.67,0
IRQ,2013.75,0
IRQ,2013.83,0
IRQ,2013.92,0
IRQ,2014,0
IRQ,2014.08,0
IRQ,2014.17,0
IRQ,2014.25,50
IRQ,2014.33,0
IRQ,2014.42,0
IRQ,2014.5,0
IRQ,2014.58,66
IRQ,2014.67,22
IRQ,2014.75,218
IRQ,2014.83,4
IRQ,2014.92,0
IRQ,2015,15
IRQ,2015.08,26
IRQ,2015.17,0
IRQ,2015.25,131
IRQ,2015.33,0
IRQ,2015.42,19
IRQ,2015.5,208
IRQ,2015.58,6035
IRQ,2015.67,322
IRQ,2015.75,511
IRQ,2015.83,0
IRQ,2015.92,0
IRQ,2016,132
ISL,2013.42,0
ISL,2013.5,0
ISL,2013.58,0
ISL,2013.67,0
ISL,2013.75,0
ISL,2013.83,0
ISL,2013.92,4
ISL,2014,0
ISL,2014.08,0
ISL,2014.17,0
ISL,2014.25,0
ISL,2014.33,0
ISL,2014.42,0
ISL,2014.5,42
ISL,2014.58,58
ISL,2014.67,114
ISL,2014.75,2
ISL,2014.83,0
ISL,2014.92,0
ISL,2015,0
ISL,2015.08,68
ISL,2015.17,72
ISL,2015.25,72
ISL,2015.33,26
ISL,2015.42,44
ISL,2015.5,208
ISL,2015.58,169
ISL,2015.67,378
ISL,2015.75,354
ISL,2015.83,92
ISL,2015.92,143
ISL,2016,56
ISR,2013.42,296
ISR,2013.5,76
ISR,2013.58,76
ISR,2013.67,104
ISR,2013.75,22
ISR,2013.83,178
ISR,2013.92,10
ISR,2014,8
ISR,2014.08,136
ISR,2014.17,52
ISR,2014.25,96
ISR,2014.33,18
ISR,2014.42,12
ISR,2014.5,308
ISR,2014.58,690
ISR,2014.67,86
ISR,2014.75,92
ISR,2014.83,62
ISR,2014.92,48
ISR,2015,161
ISR,2015.08,10
ISR,2015.17,0
ISR,2015.25,37
ISR,2015.33,57
ISR,2015.42,68
ISR,2015.5,234
ISR,2015.58,365
ISR,2015.67,438
ISR,2015.75,587
ISR,2015.83,21
ISR,2015.92,35
ISR,2016,73
ITA,2013.42,66
ITA,2013.5,4
ITA,2013.58,6
ITA,2013.67,12
ITA,2013.75,32
ITA,2013.83,54
ITA,2013.92,56
ITA,2014,84
ITA,2014.08,92
ITA,2014.17,246
ITA,2014.25,186
ITA,2014.33,28
ITA,2014.42,16
ITA,2014.5,34
ITA,2014.58,174
ITA,2014.67,106
ITA,2014.75,92
ITA,2014.83,99
ITA,2014.92,148
ITA,2015,159
ITA,2015.08,133
ITA,2015.17,120
ITA,2015.25,61
ITA,2015.33,50
ITA,2015.42,48
ITA,2015.5,80
ITA,2015.58,116
ITA,2015.67,603
ITA,2015.75,456
ITA,2015.83,166
ITA,2015.92,193
ITA,2016,162
JAM,2013.42,0
JAM,2013.5,0
JAM,2013.58,0
JAM,2013.67,0
JAM,2013.75,0
JAM,2013.83,8
JAM,2013.92,0
JAM,2014,0
JAM,2014.08,0
JAM,2014.17,8
JAM,2014.25,12
JAM,2014.33,0
JAM,2014.42,8
JAM,2014.5,0
JAM,2014.58,0
JAM,2014.67,26
JAM,2014.75,0
JAM,2014.83,0
JAM,2014.92,16
JAM,2015,3
JAM,2015.08,0
JAM,2015.17,0
JAM,2015.25,0
JAM,2015.33,0
JAM,2015.42,0
JAM,2015.5,22
JAM,2015.58,0
JAM,2015.67,0
JAM,2015.75,113
JAM,2015.83,0
JAM,2015.92,0
JAM,2016,0
JEY,2013.42,116
JEY,2013.5,198
JEY,2013.58,0
JEY,2013.67,42
JEY,2013.75,62
JEY,2013.83,114
JEY,2013.92,0
JEY,2014,0
JEY,2014.08,234
JEY,2014.17,348
JEY,2014.25,58
JEY,2014.33,212
JEY,2014.42,0
JEY,2014.5,0
JEY,2014.58,0
JEY,2014.67,0
JEY,2014.75,0
JEY,2014.83,0
JEY,2014.92,0
JEY,2015,0
JEY,2015.08,50
JEY,2015.17,0
JEY,2015.25,32
JEY,2015.33,0
JEY,2015.42,98
JEY,2015.5,29
JEY,2015.58,0
JEY,2015.67,0
JEY,2015.75,29
JEY,2015.83,26
JEY,2015.92,0
JEY,2016,0
JOR,2013.42,218
JOR,2013.5,218
JOR,2013.58,40
JOR,2013.67,62
JOR,2013.75,146
JOR,2013.83,300
JOR,2013.92,140
JOR,2014,338
JOR,2014.08,208
JOR,2014.17,128
JOR,2014.25,40
JOR,2014.33,0
JOR,2014.42,24
JOR,2014.5,48
JOR,2014.58,12
JOR,2014.67,54
JOR,2014.75,98
JOR,2014.83,158
JOR,2014.92,94
JOR,2015,30
JOR,2015.08,21
JOR,2015.17,0
JOR,2015.25,65
JOR,2015.33,58
JOR,2015.42,81
JOR,2015.5,15
JOR,2015.58,0
JOR,2015.67,30
JOR,2015.75,101
JOR,2015.83,620
JOR,2015.92,211
JOR,2016,795
JPN,2013.42,0
JPN,2013.5,12
JPN,2013.58,0
JPN,2013.67,306
JPN,2013.75,26
JPN,2013.83,68
JPN,2013.92,0
JPN,2014,106
JPN,2014.08,146
JPN,2014.17,246
JPN,2014.25,186
JPN,2014.33,412
JPN,2014.42,178
JPN,2014.5,148
JPN,2014.58,14
JPN,2014.67,10
JPN,2014.75,70
JPN,2014.83,10
JPN,2014.92,76
JPN,2015,4
JPN,2015.08,16
JPN,2015.17,43
JPN,2015.25,192
JPN,2015.33,135
JPN,2015.42,50
JPN,2015.5,56
JPN,2015.58,5
JPN,2015.67,25
JPN,2015.75,503
JPN,2015.83,290
JPN,2015.92,156
JPN,2016,120
KAZ,2013.42,0
KAZ,2013.5,0
KAZ,2013.58,0
KAZ,2013.67,0
KAZ,2013.75,0
KAZ,2013.83,0
KAZ,2013.92,0
KAZ,2014,0
KAZ,2014.08,0
KAZ,2014.17,204
KAZ,2014.25,898
KAZ,2014.33,98
KAZ,2014.42,0
KAZ,2014.5,0
KAZ,2014.58,0
KAZ,2014.67,0
KAZ,2014.75,68
KAZ,2014.83,150
KAZ,2014.92,0
KAZ,2015,0
KAZ,2015.08,0
KAZ,2015.17,89
KAZ,2015.25,118
KAZ,2015.33,0
KAZ,2015.42,0
KAZ,2015.5,0
KAZ,2015.58,0
KAZ,2015.67,0
KAZ,2015.75,111
KAZ,2015.83,0
KAZ,2015.92,0
KAZ,2016,0
KEN,2013.42,18
KEN,2013.5,14
KEN,2013.58,0
KEN,2013.67,0
KEN,2013.75,2
KEN,2013.83,0
KEN,2013.92,0
KEN,2014,66
KEN,2014.08,0
KEN,2014.17,2
KEN,2014.25,4
KEN,2014.33,64
KEN,2014.42,4
KEN,2014.5,14
KEN,2014.58,56
KEN,2014.67,88
KEN,2014.75,346
KEN,2014.83,42
KEN,2014.92,0
KEN,2015,139
KEN,2015.08,68
KEN,2015.17,42
KEN,2015.25,26
KEN,2015.33,64
KEN,2015.42,106
KEN,2015.5,9
KEN,2015.58,1
KEN,2015.67,0
KEN,2015.75,0
KEN,2015.83,207
KEN,2015.92,0
KEN,2016,0
KGZ,2013.42,0
KGZ,2013.5,0
KGZ,2013.58,0
KGZ,2013.67,0
KGZ,2013.75,0
KGZ,2013.83,0
KGZ,2013.92,0
KGZ,2014,0
KGZ,2014.08,0
KGZ,2014.17,0
KGZ,2014.25,0
KGZ,2014.33,0
KGZ,2014.42,0
KGZ,2014.5,0
KGZ,2014.58,0
KGZ,2014.67,0
KGZ,2014.75,0
KGZ,2014.83,0
KGZ,2014.92,0
KGZ,2015,0
KGZ,2015.08,0
KGZ,2015.17,0
KGZ,2015.25,0
KGZ,2015.33,0
KGZ,2015.42,3
KGZ,2015.5,0
KGZ,2015.58,0
KGZ,2015.67,0
KGZ,2015.75,0
KGZ,2015.83,0
KGZ,2015.92,0
KGZ,2016,0
KHM,2013.42,0
KHM,2013.5,0
KHM,2013.58,0
KHM,2013.67,14
KHM,2013.75,0
KHM,2013.83,0
KHM,2013.92,0
KHM,2014,0
KHM,2014.08,0
KHM,2014.17,0
KHM,2014.25,0
KHM,2014.33,10
KHM,2014.42,12
KHM,2014.5,0
KHM,2014.58,0
KHM,2014.67,0
KHM,2014.75,0
KHM,2014.83,0
KHM,2014.92,0
KHM,2015,26
KHM,2015.08,0
KHM,2015.17,0
KHM,2015.25,0
KHM,2015.33,9
KHM,2015.42,0
KHM,2015.5,0
KHM,2015.58,0
KHM,2015.67,0
KHM,2015.75,0
KHM,2015.83,0
KHM,2015.92,16
KHM,2016,224
KOR,2013.42,124
KOR,2013.5,186
KOR,2013.58,86
KOR,2013.67,154
KOR,2013.75,277
KOR,2013.83,172
KOR,2013.92,473
KOR,2014,380
KOR,2014.08,120
KOR,2014.17,70
KOR,2014.25,62
KOR,2014.33,58
KOR,2014.42,10
KOR,2014.5,80
KOR,2014.58,34
KOR,2014.67,16
KOR,2014.75,64
KOR,2014.83,250
KOR,2014.92,150
KOR,2015,131
KOR,2015.08,129
KOR,2015.17,72
KOR,2015.25,214
KOR,2015.33,86
KOR,2015.42,207
KOR,2015.5,160
KOR,2015.58,187
KOR,2015.67,116
KOR,2015.75,920
KOR,2015.83,176
KOR,2015.92,343
KOR,2016,250
KWT,2013.42,0
KWT,2013.5,0
KWT,2013.58,0
KWT,2013.67,0
KWT,2013.75,0
KWT,2013.83,0
KWT,2013.92,0
KWT,2014,2
KWT,2014.08,0
KWT,2014.17,0
KWT,2014.25,44
KWT,2014.33,0
KWT,2014.42,0
KWT,2014.5,2
KWT,2014.58,0
KWT,2014.67,4
KWT,2014.75,28
KWT,2014.83,8
KWT,2014.92,4
KWT,2015,2
KWT,2015.08,2
KWT,2015.17,63
KWT,2015.25,1020
KWT,2015.33,213
KWT,2015.42,263
KWT,2015.5,83
KWT,2015.58,110
KWT,2015.67,150
KWT,2015.75,47
KWT,2015.83,90
KWT,2015.92,49
KWT,2016,166
LAO,2013.42,0
LAO,2013.5,0
LAO,2013.58,0
LAO,2013.67,0
LAO,2013.75,0
LAO,2013.83,0
LAO,2013.92,0
LAO,2014,0
LAO,2014.08,0
LAO,2014.17,0
LAO,2014.25,0
LAO,2014.33,0
LAO,2014.42,0
LAO,2014.5,0
LAO,2014.58,0
LAO,2014.67,0
LAO,2014.75,0
LAO,2014.83,0
LAO,2014.92,0
LAO,2015,0
LAO,2015.08,0
LAO,2015.17,2
LAO,2015.25,0
LAO,2015.33,0
LAO,2015.42,0
LAO,2015.5,42
LAO,2015.58,460
LAO,2015.67,104
LAO,2015.75,187
LAO,2015.83,908
LAO,2015.92,31
LAO,2016,0
LBN,2013.42,0
LBN,2013.5,0
LBN,2013.58,0
LBN,2013.67,0
LBN,2013.75,0
LBN,2013.83,0
LBN,2013.92,0
LBN,2014,6
LBN,2014.08,0
LBN,2014.17,0
LBN,2014.25,30
LBN,2014.33,18
LBN,2014.42,102
LBN,2014.5,100
LBN,2014.58,18
LBN,2014.67,32
LBN,2014.75,6
LBN,2014.83,78
LBN,2014.92,142
LBN,2015,13
LBN,2015.08,5
LBN,2015.17,0
LBN,2015.25,0
LBN,2015.33,0
LBN,2015.42,0
LBN,2015.5,0
LBN,2015.58,0
LBN,2015.67,137
LBN,2015.75,0
LBN,2015.83,23
LBN,2015.92,0
LBN,2016,0
LBR,2013.42,0
LBR,2013.5,0
LBR,2013.58,0
LBR,2013.67,0
LBR,2013.75,0
LBR,2013.83,0
LBR,2013.92,0
LBR,2014,0
LBR,2014.08,0
LBR,2014.17,0
LBR,2014.25,0
LBR,2014.33,0
LBR,2014.42,0
LBR,2014.5,0
LBR,2014.58,0
LBR,2014.67,0
LBR,2014.75,0
LBR,2014.83,0
LBR,2014.92,0
LBR,2015,2
LBR,2015.08,0
LBR,2015.17,43
LBR,2015.25,0
LBR,2015.33,5
LBR,2015.42,0
LBR,2015.5,0
LBR,2015.58,0
LBR,2015.67,0
LBR,2015.75,591
LBR,2015.83,41
LBR,2015.92,0
LBR,2016,305
LBY,2013.42,0
LBY,2013.5,0
LBY,2013.58,0
LBY,2013.67,0
LBY,2013.75,0
LBY,2013.83,0
LBY,2013.92,0
LBY,2014,0
LBY,2014.08,2
LBY,2014.17,0
LBY,2014.25,2
LBY,2014.33,0
LBY,2014.42,2
LBY,2014.5,0
LBY,2014.58,0
LBY,2014.67,32
LBY,2014.75,0
LBY,2014.83,0
LBY,2014.92,0
LBY,2015,0
LBY,2015.08,0
LBY,2015.17,0
LBY,2015.25,0
LBY,2015.33,0
LBY,2015.42,0
LBY,2015.5,0
LBY,2015.58,2
LBY,2015.67,4
LBY,2015.75,0
LBY,2015.83,0
LBY,2015.92,0
LBY,2016,1
LIE,2013.42,0
LIE,2013.5,0
LIE,2013.58,0
LIE,2013.67,0
LIE,2013.75,0
LIE,2013.83,0
LIE,2013.92,0
LIE,2014,0
LIE,2014.08,0
LIE,2014.17,2
LIE,2014.25,0
LIE,2014.33,0
LIE,2014.42,0
LIE,2014.5,0
LIE,2014.58,90
LIE,2014.67,80
LIE,2014.75,0
LIE,2014.83,0
LIE,2014.92,18
LIE,2015,0
LIE,2015.08,22
LIE,2015.17,36
LIE,2015.25,2
LIE,2015.33,20
LIE,2015.42,5
LIE,2015.5,48
LIE,2015.58,81
LIE,2015.67,51
LIE,2015.75,58
LIE,2015.83,89
LIE,2015.92,62
LIE,2016,28
LKA,2013.42,74
LKA,2013.5,0
LKA,2013.58,820
LKA,2013.67,948
LKA,2013.75,0
LKA,2013.83,166
LKA,2013.92,214
LKA,2014,0
LKA,2014.08,0
LKA,2014.17,0
LKA,2014.25,0
LKA,2014.33,0
LKA,2014.42,0
LKA,2014.5,0
LKA,2014.58,0
LKA,2014.67,0
LKA,2014.75,0
LKA,2014.83,0
LKA,2014.92,16
LKA,2015,0
LKA,2015.08,135
LKA,2015.17,12
LKA,2015.25,0
LKA,2015.33,0
LKA,2015.42,0
LKA,2015.5,51
LKA,2015.58,31
LKA,2015.67,279
LKA,2015.75,373
LKA,2015.83,412
LKA,2015.92,34
LKA,2016,546
LSO,2013.42,0
LSO,2013.5,4
LSO,2013.58,10
LSO,2013.67,0
LSO,2013.75,0
LSO,2013.83,0
LSO,2013.92,0
LSO,2014,2
LSO,2014.08,0
LSO,2014.17,0
LSO,2014.25,0
LSO,2014.33,0
LSO,2014.42,0
LSO,2014.5,0
LSO,2014.58,0
LSO,2014.67,0
LSO,2014.75,0
LSO,2014.83,2
LSO,2014.92,0
LSO,2015,0
LSO,2015.08,0
LSO,2015.17,0
LSO,2015.25,5
LSO,2015.33,0
LSO,2015.42,108
LSO,2015.5,0
LSO,2015.58,0
LSO,2015.67,0
LSO,2015.75,0
LSO,2015.83,0
LSO,2015.92,0
LSO,2016,0
LTU,2013.42,0
LTU,2013.5,0
LTU,2013.58,0
LTU,2013.67,56
LTU,2013.75,0
LTU,2013.83,6
LTU,2013.92,0
LTU,2014,408
LTU,2014.08,160
LTU,2014.17,746
LTU,2014.25,50
LTU,2014.33,8
LTU,2014.42,426
LTU,2014.5,156
LTU,2014.58,44
LTU,2014.67,834
LTU,2014.75,80
LTU,2014.83,18
LTU,2014.92,14
LTU,2015,6
LTU,2015.08,2
LTU,2015.17,159
LTU,2015.25,360
LTU,2015.33,0
LTU,2015.42,127
LTU,2015.5,26
LTU,2015.58,20
LTU,2015.67,110
LTU,2015.75,472
LTU,2015.83,0
LTU,2015.92,2
LTU,2016,62
LUX,2013.42,2
LUX,2013.5,0
LUX,2013.58,16
LUX,2013.67,6
LUX,2013.75,12
LUX,2013.83,12
LUX,2013.92,158
LUX,2014,112
LUX,2014.08,166
LUX,2014.17,130
LUX,2014.25,140
LUX,2014.33,42
LUX,2014.42,28
LUX,2014.5,62
LUX,2014.58,348
LUX,2014.67,396
LUX,2014.75,66
LUX,2014.83,180
LUX,2014.92,72
LUX,2015,310
LUX,2015.08,136
LUX,2015.17,158
LUX,2015.25,1091
LUX,2015.33,372
LUX,2015.42,633
LUX,2015.5,2358
LUX,2015.58,2199
LUX,2015.67,826
LUX,2015.75,108
LUX,2015.83,59
LUX,2015.92,426
LUX,2016,347
LVA,2013.42,0
LVA,2013.5,0
LVA,2013.58,0
LVA,2013.67,0
LVA,2013.75,24
LVA,2013.83,0
LVA,2013.92,0
LVA,2014,54
LVA,2014.08,114
LVA,2014.17,20
LVA,2014.25,16
LVA,2014.33,16
LVA,2014.42,0
LVA,2014.5,0
LVA,2014.58,0
LVA,2014.67,82
LVA,2014.75,82
LVA,2014.83,4
LVA,2014.92,0
LVA,2015,95
LVA,2015.08,10
LVA,2015.17,24
LVA,2015.25,36
LVA,2015.33,118
LVA,2015.42,55
LVA,2015.5,53
LVA,2015.58,27
LVA,2015.67,123
LVA,2015.75,142
LVA,2015.83,0
LVA,2015.92,40
LVA,2016,34
MAC,2013.42,0
MAC,2013.5,0
MAC,2013.58,4
MAC,2013.67,0
MAC,2013.75,52
MAC,2013.83,0
MAC,2013.92,0
MAC,2014,0
MAC,2014.08,0
MAC,2014.17,0
MAC,2014.25,0
MAC,2014.33,36
MAC,2014.42,180
MAC,2014.5,168
MAC,2014.58,0
MAC,2014.67,0
MAC,2014.75,0
MAC,2014.83,0
MAC,2014.92,0
MAC,2015,0
MAC,2015.08,0
MAC,2015.17,25
MAC,2015.25,12
MAC,2015.33,25
MAC,2015.42,45
MAC,2015.5,0
MAC,2015.58,0
MAC,2015.67,0
MAC,2015.75,398
MAC,2015.83,0
MAC,2015.92,0
MAC,2016,63
MAR,2013.42,4
MAR,2013.5,26
MAR,2013.58,30
MAR,2013.67,0
MAR,2013.75,12
MAR,2013.83,0
MAR,2013.92,4
MAR,2014,0
MAR,2014.08,58
MAR,2014.17,0
MAR,2014.25,98
MAR,2014.33,0
MAR,2014.42,90
MAR,2014.5,0
MAR,2014.58,70
MAR,2014.67,272
MAR,2014.75,166
MAR,2014.83,4
MAR,2014.92,0
MAR,2015,13
MAR,2015.08,33
MAR,2015.17,44
MAR,2015.25,6
MAR,2015.33,0
MAR,2015.42,30
MAR,2015.5,247
MAR,2015.58,112
MAR,2015.67,494
MAR,2015.75,579
MAR,2015.83,86
MAR,2015.92,235
MAR,2016,355
MCO,2013.42,0
MCO,2013.5,0
MCO,2013.58,0
MCO,2013.67,0
MCO,2013.75,0
MCO,2013.83,0
MCO,2013.92,0
MCO,2014,0
MCO,2014.08,0
MCO,2014.17,0
MCO,2014.25,26
MCO,2014.33,22
MCO,2014.42,4
MCO,2014.5,24
MCO,2014.58,10
MCO,2014.67,4
MCO,2014.75,0
MCO,2014.83,0
MCO,2014.92,0
MCO,2015,0
MCO,2015.08,0
MCO,2015.17,0
MCO,2015.25,0
MCO,2015.33,9
MCO,2015.42,0
MCO,2015.5,3
MCO,2015.58,0
MCO,2015.67,0
MCO,2015.75,96
MCO,2015.83,80
MCO,2015.92,12
MCO,2016,6
MDA,2013.42,0
MDA,2013.5,0
MDA,2013.58,0
MDA,2013.67,0
MDA,2013.75,0
MDA,2013.83,36
MDA,2013.92,0
MDA,2014,0
MDA,2014.08,14
MDA,2014.17,48
MDA,2014.25,126
MDA,2014.33,1214
MDA,2014.42,4
MDA,2014.5,10
MDA,2014.58,66
MDA,2014.67,70
MDA,2014.75,366
MDA,2014.83,132
MDA,2014.92,312
MDA,2015,0
MDA,2015.08,139
MDA,2015.17,184
MDA,2015.25,0
MDA,2015.33,0
MDA,2015.42,61
MDA,2015.5,117
MDA,2015.58,4
MDA,2015.67,539
MDA,2015.75,417
MDA,2015.83,243
MDA,2015.92,655
MDA,2016,982
MDG,2013.42,0
MDG,2013.5,0
MDG,2013.58,0
MDG,2013.67,0
MDG,2013.75,0
MDG,2013.83,0
MDG,2013.92,0
MDG,2014,0
MDG,2014.08,0
MDG,2014.17,0
MDG,2014.25,0
MDG,2014.33,0
MDG,2014.42,0
MDG,2014.5,4
MDG,2014.58,4
MDG,2014.67,0
MDG,2014.75,0
MDG,2014.83,0
MDG,2014.92,0
MDG,2015,0
MDG,2015.08,0
MDG,2015.17,0
MDG,2015.25,118
MDG,2015.33,0
MDG,2015.42,95
MDG,2015.5,0
MDG,2015.58,0
MDG,2015.67,0
MDG,2015.75,106
MDG,2015.83,0
MDG,2015.92,0
MDG,2016,1
MDV,2013.42,32
MDV,2013.5,84
MDV,2013.58,58
MDV,2013.67,28
MDV,2013.75,0
MDV,2013.83,0
MDV,2013.92,0
MDV,2014,0
MDV,2014.08,0
MDV,2014.17,0
MDV,2014.25,0
MDV,2014.33,10
MDV,2014.42,0
MDV,2014.5,2
MDV,2014.58,6
MDV,2014.67,0
MDV,2014.75,0
MDV,2014.83,0
MDV,2014.92,0
MDV,2015,0
MDV,2015.08,0
MDV,2015.17,0
MDV,2015.25,118
MDV,2015.33,0
MDV,2015.42,0
MDV,2015.5,0
MDV,2015.58,4
MDV,2015.67,0
MDV,2015.75,0
MDV,2015.83,53
MDV,2015.92,0
MDV,2016,0
MEX,2013.42,28
MEX,2013.5,0
MEX,2013.58,0
MEX,2013.67,12
MEX,2013.75,16
MEX,2013.83,72
MEX,2013.92,46
MEX,2014,102
MEX,2014.08,4
MEX,2014.17,2
MEX,2014.25,16
MEX,2014.33,608
MEX,2014.42,1744
MEX,2014.5,510
MEX,2014.58,458
MEX,2014.67,442
MEX,2014.75,104
MEX,2014.83,16
MEX,2014.92,50
MEX,2015,67
MEX,2015.08,70
MEX,2015.17,148
MEX,2015.25,8
MEX,2015.33,0
MEX,2015.42,217
MEX,2015.5,248
MEX,2015.58,173
MEX,2015.67,560
MEX,2015.75,652
MEX,2015.83,136
MEX,2015.92,33
MEX,2016,120
MKD,2013.42,0
MKD,2013.5,0
MKD,2013.58,0
MKD,2013.67,0
MKD,2013.75,0
MKD,2013.83,90
MKD,2013.92,0
MKD,2014,20
MKD,2014.08,4
MKD,2014.17,0
MKD,2014.25,0
MKD,2014.33,2
MKD,2014.42,50
MKD,2014.5,262
MKD,2014.58,42
MKD,2014.67,292
MKD,2014.75,376
MKD,2014.83,2
MKD,2014.92,0
MKD,2015,17
MKD,2015.08,63
MKD,2015.17,24
MKD,2015.25,3
MKD,2015.33,2
MKD,2015.42,0
MKD,2015.5,18
MKD,2015.58,0
MKD,2015.67,110
MKD,2015.75,177
MKD,2015.83,0
MKD,2015.92,16
MKD,2016,0
MLI,2013.42,0
MLI,2013.5,0
MLI,2013.58,0
MLI,2013.67,0
MLI,2013.75,0
MLI,2013.83,0
MLI,2013.92,0
MLI,2014,0
MLI,2014.08,0
MLI,2014.17,0
MLI,2014.25,0
MLI,2014.33,0
MLI,2014.42,0
MLI,2014.5,0
MLI,2014.58,0
MLI,2014.67,0
MLI,2014.75,0
MLI,2014.83,0
MLI,2014.92,0
MLI,2015,0
MLI,2015.08,1
MLI,2015.17,0
MLI,2015.25,0
MLI,2015.33,27
MLI,2015.42,38
MLI,2015.5,0
MLI,2015.58,0
MLI,2015.67,0
MLI,2015.75,0
MLI,2015.83,0
MLI,2015.92,0
MLI,2016,0
MLT,2013.42,12
MLT,2013.5,18
MLT,2013.58,20
MLT,2013.67,30
MLT,2013.75,0
MLT,2013.83,12
MLT,2013.92,22
MLT,2014,16
MLT,2014.08,56
MLT,2014.17,92
MLT,2014.25,24
MLT,2014.33,14
MLT,2014.42,2
MLT,2014.5,66
MLT,2014.58,62
MLT,2014.67,24
MLT,2014.75,46
MLT,2014.83,52
MLT,2014.92,264
MLT,2015,278
MLT,2015.08,106
MLT,2015.17,110
MLT,2015.25,301
MLT,2015.33,76
MLT,2015.42,86
MLT,2015.5,10
MLT,2015.58,0
MLT,2015.67,58
MLT,2015.75,379
MLT,2015.83,6
MLT,2015.92,125
MLT,2016,0
MMR,2013.42,0
MMR,2013.5,0
MMR,2013.58,0
MMR,2013.67,0
MMR,2013.75,0
MMR,2013.83,0
MMR,2013.92,0
MMR,2014,0
MMR,2014.08,0
MMR,2014.17,0
MMR,2014.25,0
MMR,2014.33,4
MMR,2014.42,0
MMR,2014.5,0
MMR,2014.58,0
MMR,2014.67,0
MMR,2014.75,0
MMR,2014.83,0
MMR,2014.92,0
MMR,2015,0
MMR,2015.08,0
MMR,2015.17,0
MMR,2015.25,0
MMR,2015.33,0
MMR,2015.42,0
MMR,2015.5,0
MMR,2015.58,0
MMR,2015.67,0
MMR,2015.75,0
MMR,2015.83,0
MMR,2015.92,0
MMR,2016,0
MNG,2013.42,0
MNG,2013.5,24
MNG,2013.58,0
MNG,2013.67,28
MNG,2013.75,10
MNG,2013.83,40
MNG,2013.92,0
MNG,2014,0
MNG,2014.08,0
MNG,2014.17,64
MNG,2014.25,82
MNG,2014.33,12
MNG,2014.42,0
MNG,2014.5,26
MNG,2014.58,98
MNG,2014.67,0
MNG,2014.75,12
MNG,2014.83,0
MNG,2014.92,2
MNG,2015,72
MNG,2015.08,0
MNG,2015.17,82
MNG,2015.25,0
MNG,2015.33,277
MNG,2015.42,286
MNG,2015.5,204
MNG,2015.58,0
MNG,2015.67,503
MNG,2015.75,707
MNG,2015.83,381
MNG,2015.92,0
MNG,2016,0
MOZ,2013.42,0
MOZ,2013.5,0
MOZ,2013.58,0
MOZ,2013.67,0
MOZ,2013.75,0
MOZ,2013.83,0
MOZ,2013.92,0
MOZ,2014,0
MOZ,2014.08,0
MOZ,2014.17,0
MOZ,2014.25,0
MOZ,2014.33,0
MOZ,2014.42,0
MOZ,2014.5,0
MOZ,2014.58,0
MOZ,2014.67,0
MOZ,2014.75,0
MOZ,2014.83,10
MOZ,2014.92,0
MOZ,2015,0
MOZ,2015.08,6
MOZ,2015.17,81
MOZ,2015.25,58
MOZ,2015.33,27
MOZ,2015.42,10
MOZ,2015.5,0
MOZ,2015.58,62
MOZ,2015.67,16
MOZ,2015.75,1
MOZ,2015.83,0
MOZ,2015.92,16
MOZ,2016,0
MRT,2013.42,10
MRT,2013.5,0
MRT,2013.58,0
MRT,2013.67,0
MRT,2013.75,0
MRT,2013.83,0
MRT,2013.92,0
MRT,2014,0
MRT,2014.08,0
MRT,2014.17,0
MRT,2014.25,6
MRT,2014.33,0
MRT,2014.42,0
MRT,2014.5,0
MRT,2014.58,0
MRT,2014.67,0
MRT,2014.75,0
MRT,2014.83,0
MRT,2014.92,0
MRT,2015,0
MRT,2015.08,0
MRT,2015.17,48
MRT,2015.25,0
MRT,2015.33,27
MRT,2015.42,0
MRT,2015.5,3
MRT,2015.58,0
MRT,2015.67,0
MRT,2015.75,0
MRT,2015.83,0
MRT,2015.92,0
MRT,2016,0
MSR,2013.42,0
MSR,2013.5,0
MSR,2013.58,0
MSR,2013.67,0
MSR,2013.75,0
MSR,2013.83,0
MSR,2013.92,0
MSR,2014,0
MSR,2014.08,0
MSR,2014.17,0
MSR,2014.25,0
MSR,2014.33,0
MSR,2014.42,0
MSR,2014.5,0
MSR,2014.58,0
MSR,2014.67,0
MSR,2014.75,0
MSR,2014.83,0
MSR,2014.92,0
MSR,2015,0
MSR,2015.08,2
MSR,2015.17,0
MSR,2015.25,0
MSR,2015.33,0
MSR,2015.42,0
MSR,2015.5,0
MSR,2015.58,0
MSR,2015.67,0
MSR,2015.75,0
MSR,2015.83,0
MSR,2015.92,0
MSR,2016,0
MTQ,2013.42,30
MTQ,2013.5,0
MTQ,2013.58,58
MTQ,2013.67,0
MTQ,2013.75,6
MTQ,2013.83,8
MTQ,2013.92,0
MTQ,2014,14
MTQ,2014.08,32
MTQ,2014.17,10
MTQ,2014.25,0
MTQ,2014.33,0
MTQ,2014.42,18
MTQ,2014.5,0
MTQ,2014.58,16
MTQ,2014.67,0
MTQ,2014.75,10
MTQ,2014.83,0
MTQ,2014.92,4
MTQ,2015,2
MTQ,2015.08,0
MTQ,2015.17,0
MTQ,2015.25,0
MTQ,2015.33,0
MTQ,2015.42,0
MTQ,2015.5,0
MTQ,2015.58,0
MTQ,2015.67,20
MTQ,2015.75,0
MTQ,2015.83,0
MTQ,2015.92,0
MTQ,2016,0
MUS,2013.42,0
MUS,2013.5,0
MUS,2013.58,0
MUS,2013.67,0
MUS,2013.75,0
MUS,2013.83,0
MUS,2013.92,0
MUS,2014,0
MUS,2014.08,0
MUS,2014.17,0
MUS,2014.25,12
MUS,2014.33,0
MUS,2014.42,0
MUS,2014.5,0
MUS,2014.58,0
MUS,2014.67,0
MUS,2014.75,14
MUS,2014.83,0
MUS,2014.92,0
MUS,2015,28
MUS,2015.08,0
MUS,2015.17,21
MUS,2015.25,0
MUS,2015.33,16
MUS,2015.42,0
MUS,2015.5,14
MUS,2015.58,4
MUS,2015.67,111
MUS,2015.75,0
MUS,2015.83,2
MUS,2015.92,1
MUS,2016,0
MWI,2013.42,0
MWI,2013.5,0
MWI,2013.58,0
MWI,2013.67,0
MWI,2013.75,0
MWI,2013.83,0
MWI,2013.92,0
MWI,2014,0
MWI,2014.08,0
MWI,2014.17,0
MWI,2014.25,0
MWI,2014.33,0
MWI,2014.42,0
MWI,2014.5,0
MWI,2014.58,0
MWI,2014.67,0
MWI,2014.75,0
MWI,2014.83,0
MWI,2014.92,0
MWI,2015,0
MWI,2015.08,0
MWI,2015.17,21
MWI,2015.25,0
MWI,2015.33,0
MWI,2015.42,1
MWI,2015.5,0
MWI,2015.58,0
MWI,2015.67,2
MWI,2015.75,0
MWI,2015.83,0
MWI,2015.92,0
MWI,2016,0
MYS,2013.42,2
MYS,2013.5,2
MYS,2013.58,0
MYS,2013.67,0
MYS,2013.75,0
MYS,2013.83,158
MYS,2013.92,92
MYS,2014,2
MYS,2014.08,36
MYS,2014.17,130
MYS,2014.25,626
MYS,2014.33,656
MYS,2014.42,356
MYS,2014.5,102
MYS,2014.58,504
MYS,2014.67,54
MYS,2014.75,49
MYS,2014.83,240
MYS,2014.92,113
MYS,2015,30
MYS,2015.08,114
MYS,2015.17,130
MYS,2015.25,5
MYS,2015.33,26
MYS,2015.42,2
MYS,2015.5,2
MYS,2015.58,44
MYS,2015.67,253
MYS,2015.75,840
MYS,2015.83,167
MYS,2015.92,109
MYS,2016,115
NER,2013.42,0
NER,2013.5,0
NER,2013.58,0
NER,2013.67,0
NER,2013.75,0
NER,2013.83,0
NER,2013.92,0
NER,2014,0
NER,2014.08,0
NER,2014.17,0
NER,2014.25,0
NER,2014.33,0
NER,2014.42,0
NER,2014.5,0
NER,2014.58,0
NER,2014.67,0
NER,2014.75,0
NER,2014.83,0
NER,2014.92,0
NER,2015,0
NER,2015.08,0
NER,2015.17,42
NER,2015.25,0
NER,2015.33,0
NER,2015.42,0
NER,2015.5,0
NER,2015.58,0
NER,2015.67,0
NER,2015.75,0
NER,2015.83,0
NER,2015.92,0
NER,2016,0
NGA,2013.42,0
NGA,2013.5,0
NGA,2013.58,0
NGA,2013.67,0
NGA,2013.75,0
NGA,2013.83,0
NGA,2013.92,0
NGA,2014,0
NGA,2014.08,0
NGA,2014.17,0
NGA,2014.25,0
NGA,2014.33,2
NGA,2014.42,0
NGA,2014.5,0
NGA,2014.58,36
NGA,2014.67,0
NGA,2014.75,0
NGA,2014.83,4
NGA,2014.92,6
NGA,2015,40
NGA,2015.08,111
NGA,2015.17,76
NGA,2015.25,259
NGA,2015.33,138
NGA,2015.42,162
NGA,2015.5,14
NGA,2015.58,22
NGA,2015.67,139
NGA,2015.75,136
NGA,2015.83,28
NGA,2015.92,0
NGA,2016,0
NIC,2013.42,16
NIC,2013.5,0
NIC,2013.58,2
NIC,2013.67,0
NIC,2013.75,0
NIC,2013.83,0
NIC,2013.92,0
NIC,2014,0
NIC,2014.08,0
NIC,2014.17,0
NIC,2014.25,0
NIC,2014.33,0
NIC,2014.42,0
NIC,2014.5,0
NIC,2014.58,0
NIC,2014.67,12
NIC,2014.75,0
NIC,2014.83,2
NIC,2014.92,2
NIC,2015,0
NIC,2015.08,0
NIC,2015.17,0
NIC,2015.25,0
NIC,2015.33,0
NIC,2015.42,0
NIC,2015.5,0
NIC,2015.58,0
NIC,2015.67,109
NIC,2015.75,181
NIC,2015.83,0
NIC,2015.92,0
NIC,2016,0
NLD,2013.42,16
NLD,2013.5,44
NLD,2013.58,24
NLD,2013.67,98
NLD,2013.75,138
NLD,2013.83,204
NLD,2013.92,116
NLD,2014,80
NLD,2014.08,328
NLD,2014.17,154
NLD,2014.25,116
NLD,2014.33,26
NLD,2014.42,148
NLD,2014.5,28
NLD,2014.58,64
NLD,2014.67,190
NLD,2014.75,178
NLD,2014.83,208
NLD,2014.92,212
NLD,2015,270
NLD,2015.08,142
NLD,2015.17,328
NLD,2015.25,738
NLD,2015.33,130
NLD,2015.42,219
NLD,2015.5,298
NLD,2015.58,206
NLD,2015.67,977
NLD,2015.75,1074
NLD,2015.83,50
NLD,2015.92,69
NLD,2016,388
NOR,2013.42,14
NOR,2013.5,8
NOR,2013.58,24
NOR,2013.67,14
NOR,2013.75,14
NOR,2013.83,68
NOR,2013.92,14
NOR,2014,14
NOR,2014.08,152
NOR,2014.17,62
NOR,2014.25,54
NOR,2014.33,32
NOR,2014.42,6
NOR,2014.5,46
NOR,2014.58,116
NOR,2014.67,122
NOR,2014.75,236
NOR,2014.83,182
NOR,2014.92,118
NOR,2015,219
NOR,2015.08,58
NOR,2015.17,239
NOR,2015.25,1131
NOR,2015.33,58
NOR,2015.42,247
NOR,2015.5,1166
NOR,2015.58,532
NOR,2015.67,1392
NOR,2015.75,4592
NOR,2015.83,507
NOR,2015.92,59
NOR,2016,447
NPL,2013.42,0
NPL,2013.5,0
NPL,2013.58,0
NPL,2013.67,0
NPL,2013.75,0
NPL,2013.83,0
NPL,2013.92,0
NPL,2014,52
NPL,2014.08,104
NPL,2014.17,0
NPL,2014.25,0
NPL,2014.33,0
NPL,2014.42,0
NPL,2014.5,0
NPL,2014.58,68
NPL,2014.67,0
NPL,2014.75,0
NPL,2014.83,0
NPL,2014.92,46
NPL,2015,0
NPL,2015.08,0
NPL,2015.17,31
NPL,2015.25,54
NPL,2015.33,55
NPL,2015.42,50
NPL,2015.5,59
NPL,2015.58,410
NPL,2015.67,216
NPL,2015.75,76
NPL,2015.83,0
NPL,2015.92,45
NPL,2016,216
NZL,2013.42,2
NZL,2013.5,6
NZL,2013.58,0
NZL,2013.67,0
NZL,2013.75,0
NZL,2013.83,0
NZL,2013.92,0
NZL,2014,74
NZL,2014.08,0
NZL,2014.17,0
NZL,2014.25,0
NZL,2014.33,0
NZL,2014.42,0
NZL,2014.5,0
NZL,2014.58,10
NZL,2014.67,24
NZL,2014.75,36
NZL,2014.83,16
NZL,2014.92,10
NZL,2015,9
NZL,2015.08,35
NZL,2015.17,35
NZL,2015.25,24
NZL,2015.33,408
NZL,2015.42,944
NZL,2015.5,1006
NZL,2015.58,1023
NZL,2015.67,1016
NZL,2015.75,1604
NZL,2015.83,957
NZL,2015.92,863
NZL,2016,1096
OMN,2013.42,6
OMN,2013.5,0
OMN,2013.58,0
OMN,2013.67,64
OMN,2013.75,0
OMN,2013.83,0
OMN,2013.92,0
OMN,2014,0
OMN,2014.08,0
OMN,2014.17,2
OMN,2014.25,0
OMN,2014.33,0
OMN,2014.42,0
OMN,2014.5,0
OMN,2014.58,0
OMN,2014.67,0
OMN,2014.75,0
OMN,2014.83,0
OMN,2014.92,4
OMN,2015,10
OMN,2015.08,0
OMN,2015.17,42
OMN,2015.25,3
OMN,2015.33,0
OMN,2015.42,38
OMN,2015.5,0
OMN,2015.58,3
OMN,2015.67,0
OMN,2015.75,118
OMN,2015.83,0
OMN,2015.92,20
OMN,2016,5
PAK,2013.42,0
PAK,2013.5,4
PAK,2013.58,0
PAK,2013.67,11
PAK,2013.75,0
PAK,2013.83,90
PAK,2013.92,164
PAK,2014,170
PAK,2014.08,338
PAK,2014.17,372
PAK,2014.25,2
PAK,2014.33,296
PAK,2014.42,84
PAK,2014.5,24
PAK,2014.58,16
PAK,2014.67,44
PAK,2014.75,0
PAK,2014.83,118
PAK,2014.92,76
PAK,2015,0
PAK,2015.08,227
PAK,2015.17,0
PAK,2015.25,129
PAK,2015.33,91
PAK,2015.42,249
PAK,2015.5,50
PAK,2015.58,171
PAK,2015.67,709
PAK,2015.75,519
PAK,2015.83,901
PAK,2015.92,1
PAK,2016,154
PAN,2013.42,54
PAN,2013.5,212
PAN,2013.58,56
PAN,2013.67,90
PAN,2013.75,214
PAN,2013.83,24
PAN,2013.92,24
PAN,2014,90
PAN,2014.08,30
PAN,2014.17,14
PAN,2014.25,68
PAN,2014.33,52
PAN,2014.42,70
PAN,2014.5,6
PAN,2014.58,6
PAN,2014.67,16
PAN,2014.75,2
PAN,2014.83,14
PAN,2014.92,72
PAN,2015,25
PAN,2015.08,3
PAN,2015.17,305
PAN,2015.25,100
PAN,2015.33,6
PAN,2015.42,3
PAN,2015.5,26
PAN,2015.58,37
PAN,2015.67,120
PAN,2015.75,13
PAN,2015.83,38
PAN,2015.92,0
PAN,2016,1
PER,2013.42,0
PER,2013.5,0
PER,2013.58,0
PER,2013.67,0
PER,2013.75,0
PER,2013.83,0
PER,2013.92,0
PER,2014,20
PER,2014.08,698
PER,2014.17,390
PER,2014.25,920
PER,2014.33,518
PER,2014.42,968
PER,2014.5,642
PER,2014.58,811
PER,2014.67,745
PER,2014.75,986
PER,2014.83,676
PER,2014.92,5646
PER,2015,1326
PER,2015.08,0
PER,2015.17,0
PER,2015.25,3
PER,2015.33,0
PER,2015.42,11
PER,2015.5,0
PER,2015.58,0
PER,2015.67,75
PER,2015.75,185
PER,2015.83,0
PER,2015.92,0
PER,2016,0
PHL,2013.42,0
PHL,2013.5,2
PHL,2013.58,368
PHL,2013.67,278
PHL,2013.75,1468
PHL,2013.83,162
PHL,2013.92,0
PHL,2014,0
PHL,2014.08,2
PHL,2014.17,98
PHL,2014.25,6
PHL,2014.33,2
PHL,2014.42,1184
PHL,2014.5,156
PHL,2014.58,658
PHL,2014.67,1228
PHL,2014.75,148
PHL,2014.83,20
PHL,2014.92,2
PHL,2015,14
PHL,2015.08,104
PHL,2015.17,64
PHL,2015.25,251
PHL,2015.33,34
PHL,2015.42,121
PHL,2015.5,2
PHL,2015.58,0
PHL,2015.67,0
PHL,2015.75,795
PHL,2015.83,389
PHL,2015.92,395
PHL,2016,116
POL,2013.42,20
POL,2013.5,32
POL,2013.58,52
POL,2013.67,86
POL,2013.75,30
POL,2013.83,156
POL,2013.92,128
POL,2014,234
POL,2014.08,1502
POL,2014.17,1206
POL,2014.25,3614
POL,2014.33,3063
POL,2014.42,90
POL,2014.5,68
POL,2014.58,256
POL,2014.67,528
POL,2014.75,450
POL,2014.83,170
POL,2014.92,164
POL,2015,76
POL,2015.08,137
POL,2015.17,172
POL,2015.25,237
POL,2015.33,113
POL,2015.42,294
POL,2015.5,49
POL,2015.58,11
POL,2015.67,543
POL,2015.75,740
POL,2015.83,17
POL,2015.92,6
POL,2016,23
PRI,2013.42,2
PRI,2013.5,0
PRI,2013.58,2
PRI,2013.67,44
PRI,2013.75,2
PRI,2013.83,38
PRI,2013.92,52
PRI,2014,24
PRI,2014.08,42
PRI,2014.17,8
PRI,2014.25,4
PRI,2014.33,0
PRI,2014.42,0
PRI,2014.5,2
PRI,2014.58,0
PRI,2014.67,2
PRI,2014.75,12
PRI,2014.83,0
PRI,2014.92,6
PRI,2015,0
PRI,2015.08,0
PRI,2015.17,0
PRI,2015.25,0
PRI,2015.33,3
PRI,2015.42,11
PRI,2015.5,0
PRI,2015.58,0
PRI,2015.67,0
PRI,2015.75,111
PRI,2015.83,0
PRI,2015.92,0
PRI,2016,0
PRK,2013.42,0
PRK,2013.5,0
PRK,2013.58,0
PRK,2013.67,0
PRK,2013.75,0
PRK,2013.83,0
PRK,2013.92,0
PRK,2014,0
PRK,2014.08,0
PRK,2014.17,0
PRK,2014.25,0
PRK,2014.33,0
PRK,2014.42,0
PRK,2014.5,0
PRK,2014.58,0
PRK,2014.67,0
PRK,2014.75,0
PRK,2014.83,0
PRK,2014.92,44
PRK,2015,0
PRK,2015.08,0
PRK,2015.17,0
PRK,2015.25,0
PRK,2015.33,0
PRK,2015.42,0
PRK,2015.5,0
PRK,2015.58,22
PRK,2015.67,0
PRK,2015.75,0
PRK,2015.83,0
PRK,2015.92,0
PRK,2016,0
PRT,2013.42,0
PRT,2013.5,0
PRT,2013.58,0
PRT,2013.67,8
PRT,2013.75,0
PRT,2013.83,10
PRT,2013.92,4
PRT,2014,148
PRT,2014.08,110
PRT,2014.17,4
PRT,2014.25,16
PRT,2014.33,0
PRT,2014.42,142
PRT,2014.5,184
PRT,2014.58,100
PRT,2014.67,122
PRT,2014.75,128
PRT,2014.83,276
PRT,2014.92,498
PRT,2015,77
PRT,2015.08,77
PRT,2015.17,45
PRT,2015.25,69
PRT,2015.33,1
PRT,2015.42,40
PRT,2015.5,126
PRT,2015.58,22
PRT,2015.67,535
PRT,2015.75,593
PRT,2015.83,1
PRT,2015.92,1
PRT,2016,27
PRY,2013.42,0
PRY,2013.5,0
PRY,2013.58,0
PRY,2013.67,0
PRY,2013.75,0
PRY,2013.83,0
PRY,2013.92,0
PRY,2014,0
PRY,2014.08,0
PRY,2014.17,0
PRY,2014.25,0
PRY,2014.33,0
PRY,2014.42,0
PRY,2014.5,0
PRY,2014.58,0
PRY,2014.67,0
PRY,2014.75,0
PRY,2014.83,0
PRY,2014.92,0
PRY,2015,0
PRY,2015.08,0
PRY,2015.17,0
PRY,2015.25,0
PRY,2015.33,0
PRY,2015.42,0
PRY,2015.5,0
PRY,2015.58,2
PRY,2015.67,25
PRY,2015.75,27
PRY,2015.83,4
PRY,2015.92,0
PRY,2016,0
PSE,2013.42,186
PSE,2013.5,0
PSE,2013.58,0
PSE,2013.67,0
PSE,2013.75,0
PSE,2013.83,14
PSE,2013.92,0
PSE,2014,20
PSE,2014.08,10
PSE,2014.17,2
PSE,2014.25,14
PSE,2014.33,0
PSE,2014.42,58
PSE,2014.5,310
PSE,2014.58,20
PSE,2014.67,8
PSE,2014.75,14
PSE,2014.83,60
PSE,2014.92,62
PSE,2015,76
PSE,2015.08,0
PSE,2015.17,43
PSE,2015.25,88
PSE,2015.33,181
PSE,2015.42,8
PSE,2015.5,121
PSE,2015.58,816
PSE,2015.67,87
PSE,2015.75,120
PSE,2015.83,133
PSE,2015.92,45
PSE,2016,113
QAT,2013.42,0
QAT,2013.5,0
QAT,2013.58,0
QAT,2013.67,380
QAT,2013.75,12
QAT,2013.83,94
QAT,2013.92,8
QAT,2014,44
QAT,2014.08,0
QAT,2014.17,8
QAT,2014.25,142
QAT,2014.33,82
QAT,2014.42,4
QAT,2014.5,66
QAT,2014.58,64
QAT,2014.67,0
QAT,2014.75,16
QAT,2014.83,262
QAT,2014.92,802
QAT,2015,140
QAT,2015.08,326
QAT,2015.17,498
QAT,2015.25,534
QAT,2015.33,256
QAT,2015.42,544
QAT,2015.5,943
QAT,2015.58,1261
QAT,2015.67,537
QAT,2015.75,1249
QAT,2015.83,1139
QAT,2015.92,0
QAT,2016,785
REU,2013.42,0
REU,2013.5,0
REU,2013.58,20
REU,2013.67,2
REU,2013.75,30
REU,2013.83,2
REU,2013.92,0
REU,2014,0
REU,2014.08,10
REU,2014.17,0
REU,2014.25,0
REU,2014.33,0
REU,2014.42,2
REU,2014.5,0
REU,2014.58,0
REU,2014.67,0
REU,2014.75,0
REU,2014.83,0
REU,2014.92,0
REU,2015,14
REU,2015.08,0
REU,2015.17,0
REU,2015.25,0
REU,2015.33,0
REU,2015.42,0
REU,2015.5,23
REU,2015.58,0
REU,2015.67,0
REU,2015.75,0
REU,2015.83,206
REU,2015.92,0
REU,2016,14
ROU,2013.42,44
ROU,2013.5,6
ROU,2013.58,36
ROU,2013.67,18
ROU,2013.75,180
ROU,2013.83,944
ROU,2013.92,1654
ROU,2014,192
ROU,2014.08,164
ROU,2014.17,264
ROU,2014.25,86
ROU,2014.33,634
ROU,2014.42,108
ROU,2014.5,52
ROU,2014.58,130
ROU,2014.67,128
ROU,2014.75,102
ROU,2014.83,114
ROU,2014.92,162
ROU,2015,75
ROU,2015.08,50
ROU,2015.17,100
ROU,2015.25,100
ROU,2015.33,110
ROU,2015.42,69
ROU,2015.5,43
ROU,2015.58,67
ROU,2015.67,184
ROU,2015.75,503
ROU,2015.83,150
ROU,2015.92,119
ROU,2016,961
RUS,2013.42,312
RUS,2013.5,320
RUS,2013.58,368
RUS,2013.67,134
RUS,2013.75,120
RUS,2013.83,284
RUS,2013.92,650
RUS,2014,658
RUS,2014.08,292
RUS,2014.17,1614
RUS,2014.25,1600
RUS,2014.33,442
RUS,2014.42,282
RUS,2014.5,174
RUS,2014.58,852
RUS,2014.67,1582
RUS,2014.75,2671
RUS,2014.83,1824
RUS,2014.92,602
RUS,2015,72
RUS,2015.08,2061
RUS,2015.17,354
RUS,2015.25,318
RUS,2015.33,77
RUS,2015.42,31
RUS,2015.5,223
RUS,2015.58,105
RUS,2015.67,250
RUS,2015.75,370
RUS,2015.83,22
RUS,2015.92,1
RUS,2016,132
RWA,2013.42,0
RWA,2013.5,0
RWA,2013.58,0
RWA,2013.67,0
RWA,2013.75,0
RWA,2013.83,0
RWA,2013.92,0
RWA,2014,0
RWA,2014.08,0
RWA,2014.17,0
RWA,2014.25,0
RWA,2014.33,0
RWA,2014.42,0
RWA,2014.5,0
RWA,2014.58,0
RWA,2014.67,0
RWA,2014.75,0
RWA,2014.83,0
RWA,2014.92,0
RWA,2015,0
RWA,2015.08,0
RWA,2015.17,9
RWA,2015.25,0
RWA,2015.33,0
RWA,2015.42,0
RWA,2015.5,0
RWA,2015.58,0
RWA,2015.67,0
RWA,2015.75,103
RWA,2015.83,0
RWA,2015.92,0
RWA,2016,0
SAU,2013.42,0
SAU,2013.5,0
SAU,2013.58,0
SAU,2013.67,4
SAU,2013.75,0
SAU,2013.83,0
SAU,2013.92,18
SAU,2014,32
SAU,2014.08,52
SAU,2014.17,16
SAU,2014.25,14
SAU,2014.33,22
SAU,2014.42,0
SAU,2014.5,12
SAU,2014.58,14
SAU,2014.67,70
SAU,2014.75,178
SAU,2014.83,152
SAU,2014.92,210
SAU,2015,44
SAU,2015.08,20
SAU,2015.17,8
SAU,2015.25,246
SAU,2015.33,25
SAU,2015.42,122
SAU,2015.5,373
SAU,2015.58,274
SAU,2015.67,412
SAU,2015.75,262
SAU,2015.83,166
SAU,2015.92,112
SAU,2016,413
SDN,2013.42,0
SDN,2013.5,0
SDN,2013.58,6
SDN,2013.67,0
SDN,2013.75,0
SDN,2013.83,0
SDN,2013.92,0
SDN,2014,0
SDN,2014.08,6
SDN,2014.17,0
SDN,2014.25,0
SDN,2014.33,0
SDN,2014.42,0
SDN,2014.5,0
SDN,2014.58,0
SDN,2014.67,0
SDN,2014.75,4
SDN,2014.83,0
SDN,2014.92,0
SDN,2015,7
SDN,2015.08,0
SDN,2015.17,0
SDN,2015.25,0
SDN,2015.33,0
SDN,2015.42,0
SDN,2015.5,0
SDN,2015.58,0
SDN,2015.67,14
SDN,2015.75,107
SDN,2015.83,8
SDN,2015.92,2
SDN,2016,2
SEN,2013.42,40
SEN,2013.5,0
SEN,2013.58,8
SEN,2013.67,4
SEN,2013.75,10
SEN,2013.83,14
SEN,2013.92,0
SEN,2014,6
SEN,2014.08,18
SEN,2014.17,0
SEN,2014.25,0
SEN,2014.33,0
SEN,2014.42,0
SEN,2014.5,6
SEN,2014.58,6
SEN,2014.67,14
SEN,2014.75,0
SEN,2014.83,0
SEN,2014.92,0
SEN,2015,1
SEN,2015.08,0
SEN,2015.17,1
SEN,2015.25,20
SEN,2015.33,37
SEN,2015.42,24
SEN,2015.5,0
SEN,2015.58,0
SEN,2015.67,109
SEN,2015.75,0
SEN,2015.83,0
SEN,2015.92,0
SEN,2016,0
SGP,2013.42,316
SGP,2013.5,226
SGP,2013.58,8
SGP,2013.67,46
SGP,2013.75,438
SGP,2013.83,594
SGP,2013.92,226
SGP,2014,244
SGP,2014.08,254
SGP,2014.17,160
SGP,2014.25,106
SGP,2014.33,94
SGP,2014.42,266
SGP,2014.5,62
SGP,2014.58,42
SGP,2014.67,138
SGP,2014.75,4
SGP,2014.83,92
SGP,2014.92,4
SGP,2015,1
SGP,2015.08,32
SGP,2015.17,64
SGP,2015.25,138
SGP,2015.33,36
SGP,2015.42,230
SGP,2015.5,40
SGP,2015.58,214
SGP,2015.67,196
SGP,2015.75,757
SGP,2015.83,32
SGP,2015.92,341
SGP,2016,369
SLV,2013.42,12
SLV,2013.5,0
SLV,2013.58,0
SLV,2013.67,0
SLV,2013.75,0
SLV,2013.83,14
SLV,2013.92,0
SLV,2014,16
SLV,2014.08,2
SLV,2014.17,14
SLV,2014.25,12
SLV,2014.33,0
SLV,2014.42,0
SLV,2014.5,22
SLV,2014.58,0
SLV,2014.67,4
SLV,2014.75,0
SLV,2014.83,4
SLV,2014.92,0
SLV,2015,1
SLV,2015.08,0
SLV,2015.17,0
SLV,2015.25,0
SLV,2015.33,0
SLV,2015.42,0
SLV,2015.5,0
SLV,2015.58,2
SLV,2015.67,113
SLV,2015.75,0
SLV,2015.83,3
SLV,2015.92,0
SLV,2016,0
SOM,2013.42,0
SOM,2013.5,0
SOM,2013.58,0
SOM,2013.67,0
SOM,2013.75,0
SOM,2013.83,0
SOM,2013.92,0
SOM,2014,0
SOM,2014.08,0
SOM,2014.17,0
SOM,2014.25,0
SOM,2014.33,0
SOM,2014.42,0
SOM,2014.5,0
SOM,2014.58,0
SOM,2014.67,0
SOM,2014.75,0
SOM,2014.83,0
SOM,2014.92,0
SOM,2015,0
SOM,2015.08,0
SOM,2015.17,0
SOM,2015.25,0
SOM,2015.33,0
SOM,2015.42,0
SOM,2015.5,0
SOM,2015.58,0
SOM,2015.67,0
SOM,2015.75,22
SOM,2015.83,0
SOM,2015.92,0
SOM,2016,0
SRB,2013.42,0
SRB,2013.5,0
SRB,2013.58,0
SRB,2013.67,0
SRB,2013.75,0
SRB,2013.83,58
SRB,2013.92,68
SRB,2014,0
SRB,2014.08,4
SRB,2014.17,4
SRB,2014.25,4
SRB,2014.33,86
SRB,2014.42,0
SRB,2014.5,0
SRB,2014.58,24
SRB,2014.67,36
SRB,2014.75,42
SRB,2014.83,6
SRB,2014.92,0
SRB,2015,62
SRB,2015.08,106
SRB,2015.17,128
SRB,2015.25,150
SRB,2015.33,41
SRB,2015.42,32
SRB,2015.5,35
SRB,2015.58,2
SRB,2015.67,8
SRB,2015.75,226
SRB,2015.83,0
SRB,2015.92,0
SRB,2016,0
SUR,2013.42,0
SUR,2013.5,0
SUR,2013.58,0
SUR,2013.67,0
SUR,2013.75,0
SUR,2013.83,0
SUR,2013.92,0
SUR,2014,0
SUR,2014.08,4
SUR,2014.17,0
SUR,2014.25,0
SUR,2014.33,0
SUR,2014.42,0
SUR,2014.5,0
SUR,2014.58,0
SUR,2014.67,0
SUR,2014.75,0
SUR,2014.83,0
SUR,2014.92,0
SUR,2015,0
SUR,2015.08,0
SUR,2015.17,0
SUR,2015.25,0
SUR,2015.33,0
SUR,2015.42,0
SUR,2015.5,0
SUR,2015.58,0
SUR,2015.67,0
SUR,2015.75,0
SUR,2015.83,0
SUR,2015.92,0
SUR,2016,0
SVK,2013.42,0
SVK,2013.5,0
SVK,2013.58,0
SVK,2013.67,0
SVK,2013.75,36
SVK,2013.83,36
SVK,2013.92,26
SVK,2014,26
SVK,2014.08,158
SVK,2014.17,80
SVK,2014.25,0
SVK,2014.33,24
SVK,2014.42,30
SVK,2014.5,30
SVK,2014.58,52
SVK,2014.67,64
SVK,2014.75,50
SVK,2014.83,58
SVK,2014.92,14
SVK,2015,36
SVK,2015.08,103
SVK,2015.17,251
SVK,2015.25,423
SVK,2015.33,106
SVK,2015.42,45
SVK,2015.5,145
SVK,2015.58,28
SVK,2015.67,39
SVK,2015.75,31
SVK,2015.83,21
SVK,2015.92,34
SVK,2016,46
SVN,2013.42,0
SVN,2013.5,0
SVN,2013.58,0
SVN,2013.67,0
SVN,2013.75,4
SVN,2013.83,372
SVN,2013.92,0
SVN,2014,68
SVN,2014.08,58
SVN,2014.17,16
SVN,2014.25,112
SVN,2014.33,0
SVN,2014.42,4
SVN,2014.5,16
SVN,2014.58,14
SVN,2014.67,62
SVN,2014.75,170
SVN,2014.83,58
SVN,2014.92,130
SVN,2015,21
SVN,2015.08,59
SVN,2015.17,208
SVN,2015.25,3
SVN,2015.33,1
SVN,2015.42,0
SVN,2015.5,22
SVN,2015.58,204
SVN,2015.67,110
SVN,2015.75,283
SVN,2015.83,0
SVN,2015.92,0
SVN,2016,122
SWE,2013.42,108
SWE,2013.5,188
SWE,2013.58,114
SWE,2013.67,256
SWE,2013.75,306
SWE,2013.83,116
SWE,2013.92,246
SWE,2014,166
SWE,2014.08,774
SWE,2014.17,284
SWE,2014.25,360
SWE,2014.33,110
SWE,2014.42,68
SWE,2014.5,152
SWE,2014.58,394
SWE,2014.67,722
SWE,2014.75,918
SWE,2014.83,526
SWE,2014.92,468
SWE,2015,339
SWE,2015.08,1018
SWE,2015.17,602
SWE,2015.25,919
SWE,2015.33,534
SWE,2015.42,1885
SWE,2015.5,2570
SWE,2015.58,4583
SWE,2015.67,2628
SWE,2015.75,5117
SWE,2015.83,1524
SWE,2015.92,199
SWE,2016,1087
SWZ,2013.42,0
SWZ,2013.5,0
SWZ,2013.58,0
SWZ,2013.67,0
SWZ,2013.75,0
SWZ,2013.83,0
SWZ,2013.92,0
SWZ,2014,0
SWZ,2014.08,0
SWZ,2014.17,0
SWZ,2014.25,0
SWZ,2014.33,0
SWZ,2014.42,0
SWZ,2014.5,0
SWZ,2014.58,0
SWZ,2014.67,0
SWZ,2014.75,0
SWZ,2014.83,0
SWZ,2014.92,0
SWZ,2015,0
SWZ,2015.08,0
SWZ,2015.17,0
SWZ,2015.25,0
SWZ,2015.33,26
SWZ,2015.42,0
SWZ,2015.5,0
SWZ,2015.58,0
SWZ,2015.67,0
SWZ,2015.75,0
SWZ,2015.83,0
SWZ,2015.92,0
SWZ,2016,0
SYC,2013.42,0
SYC,2013.5,0
SYC,2013.58,0
SYC,2013.67,0
SYC,2013.75,0
SYC,2013.83,0
SYC,2013.92,0
SYC,2014,0
SYC,2014.08,0
SYC,2014.17,0
SYC,2014.25,0
SYC,2014.33,0
SYC,2014.42,0
SYC,2014.5,0
SYC,2014.58,20
SYC,2014.67,6
SYC,2014.75,0
SYC,2014.83,0
SYC,2014.92,0
SYC,2015,0
SYC,2015.08,0
SYC,2015.17,109
SYC,2015.25,0
SYC,2015.33,0
SYC,2015.42,0
SYC,2015.5,2
SYC,2015.58,0
SYC,2015.67,62
SYC,2015.75,18
SYC,2015.83,10
SYC,2015.92,24
SYC,2016,19
SYR,2013.42,0
SYR,2013.5,0
SYR,2013.58,0
SYR,2013.67,0
SYR,2013.75,0
SYR,2013.83,0
SYR,2013.92,0
SYR,2014,0
SYR,2014.08,0
SYR,2014.17,0
SYR,2014.25,0
SYR,2014.33,0
SYR,2014.42,0
SYR,2014.5,0
SYR,2014.58,0
SYR,2014.67,0
SYR,2014.75,0
SYR,2014.83,0
SYR,2014.92,180
SYR,2015,0
SYR,2015.08,0
SYR,2015.17,0
SYR,2015.25,0
SYR,2015.33,0
SYR,2015.42,0
SYR,2015.5,0
SYR,2015.58,0
SYR,2015.67,0
SYR,2015.75,0
SYR,2015.83,0
SYR,2015.92,0
SYR,2016,0
TCA,2013.42,0
TCA,2013.5,0
TCA,2013.58,0
TCA,2013.67,0
TCA,2013.75,0
TCA,2013.83,0
TCA,2013.92,0
TCA,2014,0
TCA,2014.08,0
TCA,2014.17,0
TCA,2014.25,0
TCA,2014.33,0
TCA,2014.42,0
TCA,2014.5,0
TCA,2014.58,0
TCA,2014.67,0
TCA,2014.75,0
TCA,2014.83,0
TCA,2014.92,0
TCA,2015,3
TCA,2015.08,0
TCA,2015.17,0
TCA,2015.25,0
TCA,2015.33,0
TCA,2015.42,0
TCA,2015.5,0
TCA,2015.58,0
TCA,2015.67,0
TCA,2015.75,0
TCA,2015.83,0
TCA,2015.92,0
TCA,2016,0
TGO,2013.42,0
TGO,2013.5,0
TGO,2013.58,0
TGO,2013.67,0
TGO,2013.75,0
TGO,2013.83,0
TGO,2013.92,0
TGO,2014,0
TGO,2014.08,0
TGO,2014.17,0
TGO,2014.25,0
TGO,2014.33,0
TGO,2014.42,0
TGO,2014.5,0
TGO,2014.58,0
TGO,2014.67,0
TGO,2014.75,0
TGO,2014.83,0
TGO,2014.92,0
TGO,2015,0
TGO,2015.08,0
TGO,2015.17,42
TGO,2015.25,20
TGO,2015.33,27
TGO,2015.42,38
TGO,2015.5,0
TGO,2015.58,0
TGO,2015.67,0
TGO,2015.75,0
TGO,2015.83,0
TGO,2015.92,0
TGO,2016,0
THA,2013.42,4
THA,2013.5,6
THA,2013.58,2
THA,2013.67,6
THA,2013.75,4
THA,2013.83,314
THA,2013.92,952
THA,2014,54
THA,2014.08,90
THA,2014.17,48
THA,2014.25,194
THA,2014.33,208
THA,2014.42,168
THA,2014.5,214
THA,2014.58,278
THA,2014.67,36
THA,2014.75,92
THA,2014.83,4
THA,2014.92,14
THA,2015,36
THA,2015.08,11
THA,2015.17,64
THA,2015.25,2
THA,2015.33,5
THA,2015.42,65
THA,2015.5,183
THA,2015.58,81
THA,2015.67,85
THA,2015.75,642
THA,2015.83,454
THA,2015.92,960
THA,2016,41
TJK,2013.42,0
TJK,2013.5,0
TJK,2013.58,0
TJK,2013.67,0
TJK,2013.75,0
TJK,2013.83,0
TJK,2013.92,0
TJK,2014,0
TJK,2014.08,0
TJK,2014.17,0
TJK,2014.25,0
TJK,2014.33,0
TJK,2014.42,0
TJK,2014.5,0
TJK,2014.58,0
TJK,2014.67,0
TJK,2014.75,0
TJK,2014.83,0
TJK,2014.92,0
TJK,2015,0
TJK,2015.08,0
TJK,2015.17,0
TJK,2015.25,0
TJK,2015.33,0
TJK,2015.42,0
TJK,2015.5,5
TJK,2015.58,0
TJK,2015.67,0
TJK,2015.75,0
TJK,2015.83,0
TJK,2015.92,0
TJK,2016,0
TKM,2013.42,0
TKM,2013.5,0
TKM,2013.58,0
TKM,2013.67,0
TKM,2013.75,0
TKM,2013.83,2
TKM,2013.92,0
TKM,2014,0
TKM,2014.08,0
TKM,2014.17,0
TKM,2014.25,0
TKM,2014.33,0
TKM,2014.42,0
TKM,2014.5,0
TKM,2014.58,0
TKM,2014.67,0
TKM,2014.75,0
TKM,2014.83,0
TKM,2014.92,0
TKM,2015,0
TKM,2015.08,0
TKM,2015.17,0
TKM,2015.25,0
TKM,2015.33,0
TKM,2015.42,0
TKM,2015.5,0
TKM,2015.58,0
TKM,2015.67,0
TKM,2015.75,0
TKM,2015.83,0
TKM,2015.92,0
TKM,2016,0
TON,2013.42,0
TON,2013.5,0
TON,2013.58,0
TON,2013.67,0
TON,2013.75,0
TON,2013.83,0
TON,2013.92,0
TON,2014,0
TON,2014.08,0
TON,2014.17,0
TON,2014.25,0
TON,2014.33,0
TON,2014.42,8
TON,2014.5,14
TON,2014.58,0
TON,2014.67,0
TON,2014.75,0
TON,2014.83,8
TON,2014.92,0
TON,2015,0
TON,2015.08,0
TON,2015.17,0
TON,2015.25,0
TON,2015.33,0
TON,2015.42,0
TON,2015.5,0
TON,2015.58,0
TON,2015.67,0
TON,2015.75,0
TON,2015.83,0
TON,2015.92,0
TON,2016,0
TTO,2013.42,0
TTO,2013.5,16
TTO,2013.58,0
TTO,2013.67,0
TTO,2013.75,0
TTO,2013.83,0
TTO,2013.92,24
TTO,2014,0
TTO,2014.08,0
TTO,2014.17,0
TTO,2014.25,30
TTO,2014.33,26
TTO,2014.42,52
TTO,2014.5,0
TTO,2014.58,16
TTO,2014.67,28
TTO,2014.75,12
TTO,2014.83,70
TTO,2014.92,0
TTO,2015,22
TTO,2015.08,0
TTO,2015.17,0
TTO,2015.25,0
TTO,2015.33,0
TTO,2015.42,0
TTO,2015.5,0
TTO,2015.58,0
TTO,2015.67,0
TTO,2015.75,0
TTO,2015.83,7
TTO,2015.92,0
TTO,2016,0
TUN,2013.42,8
TUN,2013.5,0
TUN,2013.58,8
TUN,2013.67,0
TUN,2013.75,14
TUN,2013.83,6
TUN,2013.92,0
TUN,2014,6
TUN,2014.08,0
TUN,2014.17,54
TUN,2014.25,12
TUN,2014.33,0
TUN,2014.42,0
TUN,2014.5,104
TUN,2014.58,14
TUN,2014.67,0
TUN,2014.75,76
TUN,2014.83,140
TUN,2014.92,0
TUN,2015,153
TUN,2015.08,83
TUN,2015.17,220
TUN,2015.25,208
TUN,2015.33,612
TUN,2015.42,1180
TUN,2015.5,1048
TUN,2015.58,1296
TUN,2015.67,1159
TUN,2015.75,388
TUN,2015.83,386
TUN,2015.92,171
TUN,2016,528
TUR,2013.42,18
TUR,2013.5,10
TUR,2013.58,0
TUR,2013.67,16
TUR,2013.75,34
TUR,2013.83,20
TUR,2013.92,52
TUR,2014,136
TUR,2014.08,452
TUR,2014.17,270
TUR,2014.25,642
TUR,2014.33,108
TUR,2014.42,66
TUR,2014.5,272
TUR,2014.58,154
TUR,2014.67,640
TUR,2014.75,242
TUR,2014.83,660
TUR,2014.92,368
TUR,2015,368
TUR,2015.08,439
TUR,2015.17,375
TUR,2015.25,258
TUR,2015.33,233
TUR,2015.42,90
TUR,2015.5,40
TUR,2015.58,11
TUR,2015.67,80
TUR,2015.75,186
TUR,2015.83,0
TUR,2015.92,334
TUR,2016,102
TWN,2013.42,614
TWN,2013.5,1144
TWN,2013.58,1180
TWN,2013.67,1032
TWN,2013.75,1634
TWN,2013.83,542
TWN,2013.92,726
TWN,2014,1686
TWN,2014.08,134
TWN,2014.17,2
TWN,2014.25,12
TWN,2014.33,518
TWN,2014.42,138
TWN,2014.5,132
TWN,2014.58,4
TWN,2014.67,128
TWN,2014.75,2
TWN,2014.83,6
TWN,2014.92,30
TWN,2015,80
TWN,2015.08,1
TWN,2015.17,52
TWN,2015.25,111
TWN,2015.33,59
TWN,2015.42,42
TWN,2015.5,13
TWN,2015.58,0
TWN,2015.67,209
TWN,2015.75,1537
TWN,2015.83,120
TWN,2015.92,5
TWN,2016,0
TZA,2013.42,0
TZA,2013.5,0
TZA,2013.58,0
TZA,2013.67,4
TZA,2013.75,0
TZA,2013.83,4
TZA,2013.92,0
TZA,2014,0
TZA,2014.08,0
TZA,2014.17,0
TZA,2014.25,6
TZA,2014.33,0
TZA,2014.42,0
TZA,2014.5,0
TZA,2014.58,0
TZA,2014.67,0
TZA,2014.75,0
TZA,2014.83,0
TZA,2014.92,0
TZA,2015,0
TZA,2015.08,0
TZA,2015.17,0
TZA,2015.25,6
TZA,2015.33,0
TZA,2015.42,1
TZA,2015.5,208
TZA,2015.58,0
TZA,2015.67,116
TZA,2015.75,0
TZA,2015.83,0
TZA,2015.92,0
TZA,2016,0
UGA,2013.42,0
UGA,2013.5,0
UGA,2013.58,0
UGA,2013.67,0
UGA,2013.75,66
UGA,2013.83,0
UGA,2013.92,0
UGA,2014,0
UGA,2014.08,0
UGA,2014.17,20
UGA,2014.25,0
UGA,2014.33,0
UGA,2014.42,0
UGA,2014.5,0
UGA,2014.58,0
UGA,2014.67,0
UGA,2014.75,0
UGA,2014.83,0
UGA,2014.92,0
UGA,2015,0
UGA,2015.08,0
UGA,2015.17,0
UGA,2015.25,0
UGA,2015.33,0
UGA,2015.42,0
UGA,2015.5,0
UGA,2015.58,0
UGA,2015.67,2
UGA,2015.75,75
UGA,2015.83,0
UGA,2015.92,0
UGA,2016,0
UKR,2013.42,0
UKR,2013.5,4
UKR,2013.58,0
UKR,2013.67,10
UKR,2013.75,4
UKR,2013.83,218
UKR,2013.92,30
UKR,2014,40
UKR,2014.08,98
UKR,2014.17,26
UKR,2014.25,574
UKR,2014.33,456
UKR,2014.42,582
UKR,2014.5,464
UKR,2014.58,810
UKR,2014.67,438
UKR,2014.75,652
UKR,2014.83,938
UKR,2014.92,88
UKR,2015,308
UKR,2015.08,2
UKR,2015.17,1064
UKR,2015.25,56
UKR,2015.33,512
UKR,2015.42,4
UKR,2015.5,788
UKR,2015.58,1622
UKR,2015.67,1792
UKR,2015.75,927
UKR,2015.83,1893
UKR,2015.92,2206
UKR,2016,711
URY,2013.42,0
URY,2013.5,0
URY,2013.58,0
URY,2013.67,0
URY,2013.75,14
URY,2013.83,4
URY,2013.92,6
URY,2014,24
URY,2014.08,6
URY,2014.17,0
URY,2014.25,0
URY,2014.33,0
URY,2014.42,0
URY,2014.5,0
URY,2014.58,10
URY,2014.67,0
URY,2014.75,0
URY,2014.83,0
URY,2014.92,0
URY,2015,4
URY,2015.08,16
URY,2015.17,104
URY,2015.25,9
URY,2015.33,3
URY,2015.42,1
URY,2015.5,0
URY,2015.58,7
URY,2015.67,0
URY,2015.75,384
URY,2015.83,0
URY,2015.92,0
URY,2016,0
USA,2013.42,103
USA,2013.5,94
USA,2013.58,76
USA,2013.67,80
USA,2013.75,73
USA,2013.83,76
USA,2013.92,85
USA,2014,95
USA,2014.08,101
USA,2014.17,60
USA,2014.25,70
USA,2014.33,61
USA,2014.42,57
USA,2014.5,68
USA,2014.58,130
USA,2014.67,286
USA,2014.75,302
USA,2014.83,200
USA,2014.92,162
USA,2015,109
USA,2015.08,84
USA,2015.17,74
USA,2015.25,58
USA,2015.33,99
USA,2015.42,138
USA,2015.5,138
USA,2015.58,94
USA,2015.67,103
USA,2015.75,173
USA,2015.83,119
USA,2015.92,124
USA,2016,64
UZB,2013.42,0
UZB,2013.5,0
UZB,2013.58,0
UZB,2013.67,0
UZB,2013.75,2
UZB,2013.83,0
UZB,2013.92,0
UZB,2014,0
UZB,2014.08,0
UZB,2014.17,0
UZB,2014.25,6
UZB,2014.33,0
UZB,2014.42,0
UZB,2014.5,0
UZB,2014.58,0
UZB,2014.67,0
UZB,2014.75,0
UZB,2014.83,2
UZB,2014.92,0
UZB,2015,0
UZB,2015.08,0
UZB,2015.17,2
UZB,2015.25,0
UZB,2015.33,0
UZB,2015.42,0
UZB,2015.5,0
UZB,2015.58,0
UZB,2015.67,0
UZB,2015.75,0
UZB,2015.83,0
UZB,2015.92,0
UZB,2016,0
VAT,2013.42,0
VAT,2013.5,0
VAT,2013.58,0
VAT,2013.67,0
VAT,2013.75,0
VAT,2013.83,0
VAT,2013.92,0
VAT,2014,0
VAT,2014.08,0
VAT,2014.17,0
VAT,2014.25,0
VAT,2014.33,0
VAT,2014.42,0
VAT,2014.5,0
VAT,2014.58,106
VAT,2014.67,0
VAT,2014.75,28
VAT,2014.83,0
VAT,2014.92,0
VAT,2015,28
VAT,2015.08,0
VAT,2015.17,0
VAT,2015.25,12
VAT,2015.33,0
VAT,2015.42,0
VAT,2015.5,0
VAT,2015.58,4
VAT,2015.67,0
VAT,2015.75,46
VAT,2015.83,18
VAT,2015.92,0
VAT,2016,6
VCT,2013.42,0
VCT,2013.5,0
VCT,2013.58,0
VCT,2013.67,0
VCT,2013.75,0
VCT,2013.83,0
VCT,2013.92,0
VCT,2014,0
VCT,2014.08,0
VCT,2014.17,0
VCT,2014.25,0
VCT,2014.33,0
VCT,2014.42,0
VCT,2014.5,0
VCT,2014.58,0
VCT,2014.67,0
VCT,2014.75,0
VCT,2014.83,0
VCT,2014.92,0
VCT,2015,0
VCT,2015.08,0
VCT,2015.17,0
VCT,2015.25,1
VCT,2015.33,0
VCT,2015.42,0
VCT,2015.5,0
VCT,2015.58,0
VCT,2015.67,0
VCT,2015.75,0
VCT,2015.83,0
VCT,2015.92,0
VCT,2016,0
VEN,2013.42,12
VEN,2013.5,40
VEN,2013.58,26
VEN,2013.67,6
VEN,2013.75,4
VEN,2013.83,22
VEN,2013.92,10
VEN,2014,42
VEN,2014.08,138
VEN,2014.17,6
VEN,2014.25,48
VEN,2014.33,30
VEN,2014.42,0
VEN,2014.5,0
VEN,2014.58,178
VEN,2014.67,32
VEN,2014.75,12
VEN,2014.83,4
VEN,2014.92,2
VEN,2015,47
VEN,2015.08,0
VEN,2015.17,0
VEN,2015.25,0
VEN,2015.33,0
VEN,2015.42,100
VEN,2015.5,2
VEN,2015.58,0
VEN,2015.67,0
VEN,2015.75,69
VEN,2015.83,0
VEN,2015.92,0
VEN,2016,0
VGB,2013.42,66
VGB,2013.5,90
VGB,2013.58,108
VGB,2013.67,132
VGB,2013.75,38
VGB,2013.83,0
VGB,2013.92,94
VGB,2014,8
VGB,2014.08,64
VGB,2014.17,56
VGB,2014.25,16
VGB,2014.33,0
VGB,2014.42,0
VGB,2014.5,72
VGB,2014.58,2
VGB,2014.67,2
VGB,2014.75,74
VGB,2014.83,228
VGB,2014.92,134
VGB,2015,23
VGB,2015.08,687
VGB,2015.17,675
VGB,2015.25,378
VGB,2015.33,334
VGB,2015.42,142
VGB,2015.5,162
VGB,2015.58,74
VGB,2015.67,88
VGB,2015.75,204
VGB,2015.83,66
VGB,2015.92,37
VGB,2016,81
VIR,2013.42,0
VIR,2013.5,0
VIR,2013.58,0
VIR,2013.67,0
VIR,2013.75,0
VIR,2013.83,0
VIR,2013.92,0
VIR,2014,12
VIR,2014.08,0
VIR,2014.17,2
VIR,2014.25,0
VIR,2014.33,0
VIR,2014.42,0
VIR,2014.5,0
VIR,2014.58,0
VIR,2014.67,8
VIR,2014.75,0
VIR,2014.83,0
VIR,2014.92,0
VIR,2015,0
VIR,2015.08,0
VIR,2015.17,0
VIR,2015.25,0
VIR,2015.33,0
VIR,2015.42,1
VIR,2015.5,0
VIR,2015.58,0
VIR,2015.67,0
VIR,2015.75,76
VIR,2015.83,0
VIR,2015.92,0
VIR,2016,0
VNM,2013.42,68
VNM,2013.5,0
VNM,2013.58,0
VNM,2013.67,0
VNM,2013.75,150
VNM,2013.83,0
VNM,2013.92,42
VNM,2014,44
VNM,2014.08,0
VNM,2014.17,18
VNM,2014.25,0
VNM,2014.33,0
VNM,2014.42,66
VNM,2014.5,22
VNM,2014.58,100
VNM,2014.67,2
VNM,2014.75,0
VNM,2014.83,56
VNM,2014.92,116
VNM,2015,43
VNM,2015.08,59
VNM,2015.17,214
VNM,2015.25,64
VNM,2015.33,34
VNM,2015.42,152
VNM,2015.5,47
VNM,2015.58,11
VNM,2015.67,102
VNM,2015.75,760
VNM,2015.83,463
VNM,2015.92,136
VNM,2016,286
WSM,2013.42,0
WSM,2013.5,0
WSM,2013.58,26
WSM,2013.67,0
WSM,2013.75,4
WSM,2013.83,8
WSM,2013.92,16
WSM,2014,0
WSM,2014.08,0
WSM,2014.17,0
WSM,2014.25,0
WSM,2014.33,0
WSM,2014.42,0
WSM,2014.5,0
WSM,2014.58,0
WSM,2014.67,0
WSM,2014.75,0
WSM,2014.83,0
WSM,2014.92,0
WSM,2015,0
WSM,2015.08,0
WSM,2015.17,0
WSM,2015.25,1
WSM,2015.33,3
WSM,2015.42,0
WSM,2015.5,0
WSM,2015.58,0
WSM,2015.67,0
WSM,2015.75,0
WSM,2015.83,0
WSM,2015.92,0
WSM,2016,0
YEM,2013.42,0
YEM,2013.5,0
YEM,2013.58,0
YEM,2013.67,0
YEM,2013.75,0
YEM,2013.83,0
YEM,2013.92,0
YEM,2014,0
YEM,2014.08,0
YEM,2014.17,0
YEM,2014.25,0
YEM,2014.33,0
YEM,2014.42,0
YEM,2014.5,0
YEM,2014.58,0
YEM,2014.67,0
YEM,2014.75,0
YEM,2014.83,0
YEM,2014.92,0
YEM,2015,0
YEM,2015.08,15
YEM,2015.17,0
YEM,2015.25,14
YEM,2015.33,0
YEM,2015.42,0
YEM,2015.5,0
YEM,2015.58,0
YEM,2015.67,4
YEM,2015.75,16
YEM,2015.83,16
YEM,2015.92,11
YEM,2016,254
ZAF,2013.42,1336
ZAF,2013.5,914
ZAF,2013.58,702
ZAF,2013.67,38
ZAF,2013.75,20
ZAF,2013.83,326
ZAF,2013.92,46
ZAF,2014,222
ZAF,2014.08,42
ZAF,2014.17,202
ZAF,2014.25,198
ZAF,2014.33,0
ZAF,2014.42,26
ZAF,2014.5,82
ZAF,2014.58,30
ZAF,2014.67,130
ZAF,2014.75,88
ZAF,2014.83,278
ZAF,2014.92,808
ZAF,2015,481
ZAF,2015.08,437
ZAF,2015.17,2415
ZAF,2015.25,1886
ZAF,2015.33,585
ZAF,2015.42,1082
ZAF,2015.5,129
ZAF,2015.58,22
ZAF,2015.67,659
ZAF,2015.75,1644
ZAF,2015.83,13
ZAF,2015.92,17
ZAF,2016,0
ZMB,2013.42,0
ZMB,2013.5,0
ZMB,2013.58,2
ZMB,2013.67,10
ZMB,2013.75,16
ZMB,2013.83,36
ZMB,2013.92,24
ZMB,2014,0
ZMB,2014.08,6
ZMB,2014.17,10
ZMB,2014.25,8
ZMB,2014.33,10
ZMB,2014.42,0
ZMB,2014.5,6
ZMB,2014.58,6
ZMB,2014.67,8
ZMB,2014.75,16
ZMB,2014.83,0
ZMB,2014.92,0
ZMB,2015,0
ZMB,2015.08,0
ZMB,2015.17,0
ZMB,2015.25,0
ZMB,2015.33,53
ZMB,2015.42,136
ZMB,2015.5,0
ZMB,2015.58,3
ZMB,2015.67,0
ZMB,2015.75,0
ZMB,2015.83,0
ZMB,2015.92,0
ZMB,2016,0
ZWE,2013.42,0
ZWE,2013.5,0
ZWE,2013.58,0
ZWE,2013.67,0
ZWE,2013.75,16
ZWE,2013.83,0
ZWE,2013.92,0
ZWE,2014,0
ZWE,2014.08,0
ZWE,2014.17,0
ZWE,2014.25,0
ZWE,2014.33,14
ZWE,2014.42,10
ZWE,2014.5,0
ZWE,2014.58,22
ZWE,2014.67,0
ZWE,2014.75,0
ZWE,2014.83,0
ZWE,2014.92,0
ZWE,2015,0
ZWE,2015.08,0
ZWE,2015.17,72
ZWE,2015.25,162
ZWE,2015.33,29
ZWE,2015.42,13
ZWE,2015.5,0
ZWE,2015.58,0
ZWE,2015.67,0
ZWE,2015.75,5
ZWE,2015.83,0
ZWE,2015.92,0
ZWE,2016,0
